source_id,rule_key,rule_object,constraint_type,subject,operator,value,unit,condition,exception,evidence_text,warnings,source_stream,batch_id,rule_id,applies_to,applies_to_objects,scope_count,scope_mode,merged_rule_ids,merged_rule_count,dedup_status,review_reasons,review_required,merged_rule_id,rule_object_original,approval_type,unit_original
page_0195__table_001,parking_90_aisle_width,parking_aisle_width,minimum_dimension,aisle width,>=,7.20,m,Parking angle: 90 degrees,,Table 2: Minimum Dimensions for Motor Vehicle Parking Stalls | Parking angle (degrees): 90 | Aisle width (metres): 7.20,[],gemini_table_image,page_0195__table_001,pipeline10_rule_0001,"[{'rule_id': 'pipeline10_rule_0001', 'rule_object': 'motor_vehicle_parking_stall', 'condition': 'Parking angle: 90 degrees'}]",['motor_vehicle_parking_stall'],1,single_scope,['pipeline10_rule_0001'],1,kept,[],False,pipeline5_merged_rule_0001,motor_vehicle_parking_stall,,
page_0195__table_001,parking_90_stall_depth,parking_stall_depth,minimum_dimension,stall depth perpendicular to aisle,>=,5.40,m,Parking angle: 90 degrees,,Table 2: Minimum Dimensions for Motor Vehicle Parking Stalls | Parking angle (degrees): 90 | Stall depth perpendicular to aisle (metres): 5.40,[],gemini_table_image,page_0195__table_001,pipeline10_rule_0002,"[{'rule_id': 'pipeline10_rule_0002', 'rule_object': 'motor_vehicle_parking_stall', 'condition': 'Parking angle: 90 degrees'}]",['motor_vehicle_parking_stall'],1,single_scope,['pipeline10_rule_0002'],1,kept,[],False,pipeline5_merged_rule_0002,motor_vehicle_parking_stall,,
page_0195__table_001,parking_90_stall_width_dwelling,parking_stall_width,minimum_dimension,stall width parallel to aisle,>=,2.50,m,Parking angle: 90 degrees; Dwelling Units,,Table 2: Minimum Dimensions for Motor Vehicle Parking Stalls | Parking angle (degrees): 90 | Stall width parallel to aisle (metres) | Dwelling Units: 2.50,[],gemini_table_image,page_0195__table_001,pipeline10_rule_0003,"[{'rule_id': 'pipeline10_rule_0003', 'rule_object': 'motor_vehicle_parking_stall', 'condition': 'Parking angle: 90 degrees; Dwelling Units'}]",['motor_vehicle_parking_stall'],1,single_scope,['pipeline10_rule_0003'],1,kept,[],False,pipeline5_merged_rule_0003,motor_vehicle_parking_stall,,
page_0195__table_001,parking_75_aisle_width,parking_aisle_width,minimum_dimension,aisle width,>=,6.12,m,Parking angle: 75 degrees,,Table 2: Minimum Dimensions for Motor Vehicle Parking Stalls | Parking angle (degrees): 75 | Aisle width (metres): 6.12,[],gemini_table_image,page_0195__table_001,pipeline10_rule_0005,"[{'rule_id': 'pipeline10_rule_0005', 'rule_object': 'motor_vehicle_parking_stall', 'condition': 'Parking angle: 75 degrees'}]",['motor_vehicle_parking_stall'],1,single_scope,['pipeline10_rule_0005'],1,kept,[],False,pipeline5_merged_rule_0005,motor_vehicle_parking_stall,,
page_0195__table_001,parking_75_stall_depth,parking_stall_depth,minimum_dimension,stall depth perpendicular to aisle,>=,5.64,m,Parking angle: 75 degrees,,Table 2: Minimum Dimensions for Motor Vehicle Parking Stalls | Parking angle (degrees): 75 | Stall depth perpendicular to aisle (metres): 5.64,[],gemini_table_image,page_0195__table_001,pipeline10_rule_0006,"[{'rule_id': 'pipeline10_rule_0006', 'rule_object': 'motor_vehicle_parking_stall', 'condition': 'Parking angle: 75 degrees'}]",['motor_vehicle_parking_stall'],1,single_scope,['pipeline10_rule_0006'],1,kept,[],False,pipeline5_merged_rule_0006,motor_vehicle_parking_stall,,
page_0195__table_001,parking_75_stall_width_dwelling,parking_stall_width,minimum_dimension,stall width parallel to aisle,>=,2.59,m,Parking angle: 75 degrees; Dwelling Units,,Table 2: Minimum Dimensions for Motor Vehicle Parking Stalls | Parking angle (degrees): 75 | Stall width parallel to aisle (metres) | Dwelling Units: 2.59,[],gemini_table_image,page_0195__table_001,pipeline10_rule_0007,"[{'rule_id': 'pipeline10_rule_0007', 'rule_object': 'motor_vehicle_parking_stall', 'condition': 'Parking angle: 75 degrees; Dwelling Units'}]",['motor_vehicle_parking_stall'],1,single_scope,['pipeline10_rule_0007'],1,kept,[],False,pipeline5_merged_rule_0007,motor_vehicle_parking_stall,,
page_0195__table_001,parking_60_aisle_width,parking_aisle_width,minimum_dimension,aisle width,>=,4.82,m,Parking angle: 60 degrees,,Table 2: Minimum Dimensions for Motor Vehicle Parking Stalls | Parking angle (degrees): 60 | Aisle width (metres): 4.82,[],gemini_table_image,page_0195__table_001,pipeline10_rule_0009,"[{'rule_id': 'pipeline10_rule_0009', 'rule_object': 'motor_vehicle_parking_stall', 'condition': 'Parking angle: 60 degrees'}]",['motor_vehicle_parking_stall'],1,single_scope,['pipeline10_rule_0009'],1,kept,[],False,pipeline5_merged_rule_0009,motor_vehicle_parking_stall,,
page_0195__table_001,parking_60_stall_depth,parking_stall_depth,minimum_dimension,stall depth perpendicular to aisle,>=,5.49,m,Parking angle: 60 degrees,,Table 2: Minimum Dimensions for Motor Vehicle Parking Stalls | Parking angle (degrees): 60 | Stall depth perpendicular to aisle (metres): 5.49,[],gemini_table_image,page_0195__table_001,pipeline10_rule_0010,"[{'rule_id': 'pipeline10_rule_0010', 'rule_object': 'motor_vehicle_parking_stall', 'condition': 'Parking angle: 60 degrees'}]",['motor_vehicle_parking_stall'],1,single_scope,['pipeline10_rule_0010'],1,kept,[],False,pipeline5_merged_rule_0010,motor_vehicle_parking_stall,,
page_0195__table_001,parking_60_stall_width_dwelling,parking_stall_width,minimum_dimension,stall width parallel to aisle,>=,2.89,m,Parking angle: 60 degrees; Dwelling Units,,Table 2: Minimum Dimensions for Motor Vehicle Parking Stalls | Parking angle (degrees): 60 | Stall width parallel to aisle (metres) | Dwelling Units: 2.89,[],gemini_table_image,page_0195__table_001,pipeline10_rule_0011,"[{'rule_id': 'pipeline10_rule_0011', 'rule_object': 'motor_vehicle_parking_stall', 'condition': 'Parking angle: 60 degrees; Dwelling Units'}]",['motor_vehicle_parking_stall'],1,single_scope,['pipeline10_rule_0011'],1,kept,[],False,pipeline5_merged_rule_0011,motor_vehicle_parking_stall,,
page_0195__table_001,parking_45_aisle_width,parking_aisle_width,minimum_dimension,aisle width,>=,4.00,m,Parking angle: 45 degrees,,Table 2: Minimum Dimensions for Motor Vehicle Parking Stalls | Parking angle (degrees): 45 | Aisle width (metres): 4.00,[],gemini_table_image,page_0195__table_001,pipeline10_rule_0013,"[{'rule_id': 'pipeline10_rule_0013', 'rule_object': 'motor_vehicle_parking_stall', 'condition': 'Parking angle: 45 degrees'}]",['motor_vehicle_parking_stall'],1,single_scope,['pipeline10_rule_0013'],1,kept,[],False,pipeline5_merged_rule_0013,motor_vehicle_parking_stall,,
page_0195__table_001,parking_45_stall_depth,parking_stall_depth,minimum_dimension,stall depth perpendicular to aisle,>=,5.00,m,Parking angle: 45 degrees,,Table 2: Minimum Dimensions for Motor Vehicle Parking Stalls | Parking angle (degrees): 45 | Stall depth perpendicular to aisle (metres): 5.00,[],gemini_table_image,page_0195__table_001,pipeline10_rule_0014,"[{'rule_id': 'pipeline10_rule_0014', 'rule_object': 'motor_vehicle_parking_stall', 'condition': 'Parking angle: 45 degrees'}]",['motor_vehicle_parking_stall'],1,single_scope,['pipeline10_rule_0014'],1,kept,[],False,pipeline5_merged_rule_0014,motor_vehicle_parking_stall,,
page_0195__table_001,parking_45_stall_width_dwelling,parking_stall_width,minimum_dimension,stall width parallel to aisle,>=,3.54,m,Parking angle: 45 degrees; Dwelling Units,,Table 2: Minimum Dimensions for Motor Vehicle Parking Stalls | Parking angle (degrees): 45 | Stall width parallel to aisle (metres) | Dwelling Units: 3.54,[],gemini_table_image,page_0195__table_001,pipeline10_rule_0015,"[{'rule_id': 'pipeline10_rule_0015', 'rule_object': 'motor_vehicle_parking_stall', 'condition': 'Parking angle: 45 degrees; Dwelling Units'}]",['motor_vehicle_parking_stall'],1,single_scope,['pipeline10_rule_0015'],1,kept,[],False,pipeline5_merged_rule_0015,motor_vehicle_parking_stall,,
calgary_generic_graph_pack_050__page_0340__local_004,dwelling_unit_stacking_prohibited,dwelling_unit_stacking,prohibition,dwelling_unit,prohibited,,,located wholly or partially above another Dwelling Unit,,where no Dwelling Unit is located wholly or partially above another Dwelling Unit,[],gemini_text_batch,text_batch_0003,pipeline10_rule_0017,"[{'rule_id': 'pipeline10_rule_0017', 'rule_object': 'dwelling_unit_stacking', 'condition': 'located wholly or partially above another Dwelling Unit'}]",['dwelling_unit_stacking'],1,single_scope,['pipeline10_rule_0017'],1,kept,[],False,pipeline5_merged_rule_0017,,,
calgary_generic_graph_pack_050__page_0340__local_004,secondary_suite_permitted_within_dwelling_unit,permitted_use,permission,secondary_suite,permitted,,,within a Dwelling Unit in a district where a Secondary Suite is a listed use and conforms with the rules of the district,,may contain a Secondary Suite within a Dwelling Unit in a district where a Secondary Suite is a listed use and conforms with the rules of the district;,[],gemini_text_batch,text_batch_0003,pipeline10_rule_0018,"[{'rule_id': 'pipeline10_rule_0018', 'rule_object': 'permitted_use', 'condition': 'within a Dwelling Unit in a district where a Secondary Suite is a listed use and conforms with the rules of the district'}]",['permitted_use'],1,single_scope,['pipeline10_rule_0018'],1,kept,[],False,pipeline5_merged_rule_0018,,permitted,
calgary_generic_graph_pack_061__page_0384__local_004,skateboard_ramp_attachment_prohibited_backyard_suite,skateboard_and_sports_ramp_attachment,prohibition,Backyard Suite,prohibited,,,A skateboard and sports ramp,,"A skateboard and sports ramp must not be attached to a deck, another structure, fence, or building such as, but not limited to, a main residential building, Backyard Suite or Accessory Residential Building.",[],gemini_text_batch,text_batch_0004,pipeline10_rule_0019,"[{'rule_id': 'pipeline10_rule_0019', 'rule_object': 'skateboard_and_sports_ramp_attachment', 'condition': 'A skateboard and sports ramp'}]",['skateboard_and_sports_ramp_attachment'],1,single_scope,['pipeline10_rule_0019'],1,kept,[],False,pipeline5_merged_rule_0019,,,
calgary_generic_graph_pack_061__page_0384__local_004,skateboard_ramp_attachment_prohibited_accessory_residential_building,skateboard_and_sports_ramp_attachment,prohibition,Accessory Residential Building,prohibited,,,A skateboard and sports ramp,,"A skateboard and sports ramp must not be attached to a deck, another structure, fence, or building such as, but not limited to, a main residential building, Backyard Suite or Accessory Residential Building.",[],gemini_text_batch,text_batch_0004,pipeline10_rule_0020,"[{'rule_id': 'pipeline10_rule_0020', 'rule_object': 'skateboard_and_sports_ramp_attachment', 'condition': 'A skateboard and sports ramp'}]",['skateboard_and_sports_ramp_attachment'],1,single_scope,['pipeline10_rule_0020'],1,kept,[],False,pipeline5_merged_rule_0020,,,
calgary_generic_graph_pack_063__page_0386__local_004,accessory_residential_building_dwelling_unit_use_prohibition,Accessory Residential Building use,prohibition,Accessory Residential Building,prohibited,,,used as a Dwelling Unit,unless a Backyard Suite has been approved,"An Accessory Residential Building must not be used as a Dwelling Unit, unless a Backyard Suite has been approved.",[],gemini_text_batch,text_batch_0005,pipeline10_rule_0021,"[{'rule_id': 'pipeline10_rule_0021', 'rule_object': 'Accessory Residential Building use', 'condition': 'used as a Dwelling Unit'}]",['Accessory Residential Building use'],1,single_scope,['pipeline10_rule_0021'],1,kept,['exception_requires_atomic_review'],True,pipeline5_merged_rule_0021,,,
calgary_generic_graph_pack_064__page_0386__local_002,accessory_residential_building_front_setback_prohibition,Accessory Residential Building location,prohibition,Accessory Residential Building,prohibited,,,in the actual front setback area,,An Accessory Residential Building must not be located in the actual front setback area.,[],gemini_text_batch,text_batch_0005,pipeline10_rule_0022,"[{'rule_id': 'pipeline10_rule_0022', 'rule_object': 'Accessory Residential Building location', 'condition': 'in the actual front setback area'}]",['Accessory Residential Building location'],1,single_scope,['pipeline10_rule_0022'],1,kept,[],False,pipeline5_merged_rule_0022,,,
calgary_generic_graph_pack_064__page_0386__local_002,accessory_residential_building_main_residential_building_separation_distance,separation distance,minimum,distance between Accessory Residential Building and main residential building,>=,1.0,m,Accessory Residential Building 10.0 square metres or more,,The minimum distance between any façade of an Accessory Residential Building 10.0 square metres or more and a main residential building is 1.0 metres.,[],gemini_text_batch,text_batch_0005,pipeline10_rule_0024,"[{'rule_id': 'pipeline10_rule_0024', 'rule_object': 'separation distance', 'condition': 'Accessory Residential Building 10.0 square metres or more'}]",['separation distance'],1,single_scope,['pipeline10_rule_0024'],1,kept,[],False,pipeline5_merged_rule_0024,,,
calgary_generic_graph_pack_064__page_0386__local_003,accessory_residential_building_height_max_finished_floor,building_height,maximum,Accessory Residential Building,<=,4.6,m,measured from the finished floor of the building,,"The height of an Accessory Residential Building must not exceed: (a) 4.6 metres, measured from the finished floor of the building;",[],gemini_text_batch,text_batch_0005,pipeline10_rule_0025,"[{'rule_id': 'pipeline10_rule_0025', 'rule_object': 'Accessory Residential Building height', 'condition': 'measured from the finished floor of the building'}]",['Accessory Residential Building height'],1,single_scope,['pipeline10_rule_0025'],1,kept,[],False,pipeline5_merged_rule_0025,Accessory Residential Building height,,
calgary_generic_graph_pack_064__page_0386__local_003,accessory_residential_building_eaveline_height_max_finished_floor,Accessory Residential Building eaveline height,maximum,Accessory Residential Building eaveline,<=,3.0,m,measured from the finished floor of the building,,"The height of an Accessory Residential Building must not exceed: (b) 3.0 metres at any eaveline, when measured from the finished floor of the building;",[],gemini_text_batch,text_batch_0005,pipeline10_rule_0026,"[{'rule_id': 'pipeline10_rule_0026', 'rule_object': 'Accessory Residential Building eaveline height', 'condition': 'measured from the finished floor of the building'}]",['Accessory Residential Building eaveline height'],1,single_scope,['pipeline10_rule_0026'],1,kept,[],False,pipeline5_merged_rule_0026,,,
calgary_generic_graph_pack_064__page_0386__local_003,accessory_residential_building_height_max_storeys,building_height,maximum,Accessory Residential Building,<=,1,storeys,which may include an attic space,,The height of an Accessory Residential Building must not exceed: (c) one storey,[],gemini_text_batch,text_batch_0005,pipeline10_rule_0027,"[{'rule_id': 'pipeline10_rule_0027', 'rule_object': 'Accessory Residential Building height', 'condition': 'which may include an attic space'}]",['Accessory Residential Building height'],1,single_scope,['pipeline10_rule_0027'],1,kept,[],False,pipeline5_merged_rule_0027,Accessory Residential Building height,,
calgary_generic_graph_pack_064__page_0386__local_003,accessory_residential_building_attic_access_ladder_required,attic space access,required,attic space,required,,,within an Accessory Residential Building one storey in height,,is accessed by a removable ladder,[],gemini_text_batch,text_batch_0005,pipeline10_rule_0028,"[{'rule_id': 'pipeline10_rule_0028', 'rule_object': 'attic space access', 'condition': 'within an Accessory Residential Building one storey in height'}]",['attic space access'],1,single_scope,['pipeline10_rule_0028'],1,kept,[],False,pipeline5_merged_rule_0028,,,
calgary_generic_graph_pack_064__page_0386__local_003,accessory_residential_building_attic_windows_prohibited,attic space windows,prohibition,attic space,prohibited,,,within an Accessory Residential Building one storey in height,,does not have windows,[],gemini_text_batch,text_batch_0005,pipeline10_rule_0029,"[{'rule_id': 'pipeline10_rule_0029', 'rule_object': 'attic space windows', 'condition': 'within an Accessory Residential Building one storey in height'}]",['attic space windows'],1,single_scope,['pipeline10_rule_0029'],1,kept,[],False,pipeline5_merged_rule_0029,,,
calgary_generic_graph_pack_064__page_0386__local_003,accessory_residential_building_attic_use_storage_required,attic space use,required,attic space,required,,,"within an Accessory Residential Building one storey in height, used by the occupants of the main residential building for placement of personal items",,is used by the occupants of the main residential building for placement of personal items,[],gemini_text_batch,text_batch_0005,pipeline10_rule_0030,"[{'rule_id': 'pipeline10_rule_0030', 'rule_object': 'attic space use', 'condition': 'within an Accessory Residential Building one storey in height, used by the occupants of the main residential building for placement of personal items'}]",['attic space use'],1,single_scope,['pipeline10_rule_0030'],1,kept,[],False,pipeline5_merged_rule_0030,,,
calgary_generic_graph_pack_064__page_0386__local_003,accessory_residential_building_attic_height_max,attic space height,maximum,attic space,<=,1.5,m,"within an Accessory Residential Building one storey in height, measured from the attic floor to the underside of any rafter",,has a maximum height of 1.5 metres when measured from the attic floor to the underside of any rafter.,[],gemini_text_batch,text_batch_0005,pipeline10_rule_0031,"[{'rule_id': 'pipeline10_rule_0031', 'rule_object': 'attic space height', 'condition': 'within an Accessory Residential Building one storey in height, measured from the attic floor to the underside of any rafter'}]",['attic space height'],1,single_scope,['pipeline10_rule_0031'],1,kept,[],False,pipeline5_merged_rule_0031,,,
calgary_generic_graph_pack_079__page_0397__local_003,backyard_suite_balcony_setback,balcony_projection,dimensional,balcony attached to a Backyard Suite,>=,0.6,m,from a property line shared with a street or a lane,,A balcony attached to a Backyard Suite may project into a required setback area from a property line shared with a street or a lane to a minimum setback of 0.6 metres from the property line.,[],gemini_text_batch,text_batch_0007,pipeline10_rule_0032,"[{'rule_id': 'pipeline10_rule_0032', 'rule_object': 'balcony_projection', 'condition': 'from a property line shared with a street or a lane'}]",['balcony_projection'],1,single_scope,['pipeline10_rule_0032'],1,kept,[],False,pipeline5_merged_rule_0032,,,
calgary_generic_graph_pack_109__page_0420__local_004,main_residential_building_number_max_1_on_parcel,main_residential_building,density,number,<=,1,units,on a parcel,,The maximum number of main residential buildings on a parcel is one.,[],gemini_text_batch,text_batch_0008,pipeline10_rule_0034,"[{'rule_id': 'pipeline10_rule_0034', 'rule_object': 'main_residential_building', 'condition': 'on a parcel'}]",['main_residential_building'],1,single_scope,['pipeline10_rule_0034'],1,kept,[],False,pipeline5_merged_rule_0034,,,
calgary_generic_graph_pack_116__page_0429__local_005,parcel_width_min_9.0m_backyard_secondary_suite,parcel_width,dimensional,parcel_width,>=,9.0,m,for a parcel containing a Backyard Suite or Secondary Suite in a Contextual Single Detached Dwelling or Single Detached Dwelling,unless otherwise referenced in subsection (a.2),"9.0 metres for a parcel containing a Backyard Suite or Secondary Suite in a Contextual Single Detached Dwelling or Single Detached Dwelling, unless otherwise referenced in subsection (a.2);",[],gemini_text_batch,text_batch_0008,pipeline10_rule_0035,"[{'rule_id': 'pipeline10_rule_0035', 'rule_object': 'parcel_width', 'condition': 'for a parcel containing a Backyard Suite or Secondary Suite in a Contextual Single Detached Dwelling or Single Detached Dwelling'}]",['parcel_width'],1,single_scope,['pipeline10_rule_0035'],1,kept,['exception_requires_atomic_review'],True,pipeline5_merged_rule_0035,,,
calgary_generic_graph_pack_116__page_0429__local_005,parcel_width_min_7.5m_backyard_secondary_suite_3_parking_stalls,parcel_width,dimensional,parcel_width,>=,7.5,m,for a parcel containing a Backyard Suite or Secondary Suite in a Contextual Single Detached Dwelling or Single Detached Dwelling where 3.0 or more motor vehicle parking stalls are provided on the parcel,,7.5 metres for a parcel containing a Backyard Suite or Secondary Suite in a Contextual Single Detached Dwelling or Single Detached Dwelling where:,['Rule condition relies on text from a subsequent source_id (calgary_generic_graph_pack_116__page_0429__local_006) not fully contained in the evidence_text for this source_id.'],gemini_text_batch,text_batch_0008,pipeline10_rule_0036,"[{'rule_id': 'pipeline10_rule_0036', 'rule_object': 'parcel_width', 'condition': 'for a parcel containing a Backyard Suite or Secondary Suite in a Contextual Single Detached Dwelling or Single Detached Dwelling where 3.0 or more motor vehicle parking stalls are provided on the parcel'}]",['parcel_width'],1,single_scope,['pipeline10_rule_0036'],1,kept,"['incomplete_or_continuation_evidence', 'source_warning']",True,pipeline5_merged_rule_0036,,,
calgary_generic_graph_pack_117__page_0433__local_002,motor_vehicle_parking_stalls_min_2.0_per_dwelling_unit_parcel_width_lt_9m,parking_stalls,parking,number,>=,2.0,units,"for each Contextual Single Detached Dwelling and Single Detached Dwelling, per Dwelling Unit, where the parcel width is less than 9.0 metres and the parcel is part of a plan of subdivision approved after September 7, 1982",,"The minimum number of motor vehicle parking stalls for each Contextual Single Detached Dwelling and Single Detached Dwelling is 2.0 stalls per Dwelling Unit where: (a) the parcel width is less than 9.0 metres and the parcel is part of a plan of subdivision approved after September 7, 1982;",[],gemini_text_batch,text_batch_0008,pipeline10_rule_0038,"[{'rule_id': 'pipeline10_rule_0038', 'rule_object': 'motor_vehicle_parking_stall', 'condition': 'for each Contextual Single Detached Dwelling and Single Detached Dwelling, per Dwelling Unit, where the parcel width is less than 9.0 metres and the parcel is part of a plan of subdivision approved after September 7, 1982'}]",['motor_vehicle_parking_stall'],1,single_scope,['pipeline10_rule_0038'],1,kept,[],False,pipeline5_merged_rule_0038,motor_vehicle_parking_stall,,stalls
calgary_generic_graph_pack_117__page_0433__local_002,motor_vehicle_parking_stalls_min_2.0_per_dwelling_unit_parcel_area_lt_270m2,parking_stalls,parking,number,>=,2.0,units,"for each Contextual Single Detached Dwelling and Single Detached Dwelling, per Dwelling Unit, where the area of the parcel is less than 270.0 square metres and the parcel is part of a plan of subdivision approved after",,The minimum number of motor vehicle parking stalls for each Contextual Single Detached Dwelling and Single Detached Dwelling is 2.0 stalls per Dwelling Unit where: (b) the area of the parcel is less than 270.0 square metres and the parcel is part of a plan of subdivision approved after,[],gemini_text_batch,text_batch_0008,pipeline10_rule_0039,"[{'rule_id': 'pipeline10_rule_0039', 'rule_object': 'motor_vehicle_parking_stall', 'condition': 'for each Contextual Single Detached Dwelling and Single Detached Dwelling, per Dwelling Unit, where the area of the parcel is less than 270.0 square metres and the parcel is part of a plan of subdivision approved after'}]",['motor_vehicle_parking_stall'],1,single_scope,['pipeline10_rule_0039'],1,kept,['incomplete_or_continuation_evidence'],True,pipeline5_merged_rule_0039,motor_vehicle_parking_stall,,stalls
calgary_generic_graph_pack_117__page_0433__local_003,motor_vehicle_parking_stalls_secondary_suite_0.0_if_2.0_per_dwelling_unit,parking_stalls,parking,number,reduced to,0.0,units,"for a Secondary Suite contained in a Contextual Semi-detached Dwelling or Semi-detached Dwelling, where 2.0 motor vehicle parking stalls are provided for each Dwelling Unit",,"The minimum number of motor vehicle parking stalls for a Secondary Suite contained in a Contextual Semi-detached Dwelling or Semi-detached Dwelling is reduced to 0.0 stalls, where 2.0 motor vehicle parking stalls are provided for each Dwelling Unit.",[],gemini_text_batch,text_batch_0008,pipeline10_rule_0040,"[{'rule_id': 'pipeline10_rule_0040', 'rule_object': 'motor_vehicle_parking_stall', 'condition': 'for a Secondary Suite contained in a Contextual Semi-detached Dwelling or Semi-detached Dwelling, where 2.0 motor vehicle parking stalls are provided for each Dwelling Unit'}]",['motor_vehicle_parking_stall'],1,single_scope,['pipeline10_rule_0040'],1,kept,[],False,pipeline5_merged_rule_0040,motor_vehicle_parking_stall,,stalls
calgary_generic_graph_pack_131__page_0442__local_005,parcel_width_min_9.0m_backyard_secondary_suite,parcel_width,dimensional_standard,parcel containing a Backyard Suite or Secondary Suite,>=,9.0,m,unless otherwise referenced in subsection (c),,"(b) 9.0 metres for a parcel containing a Backyard Suite or Secondary Suite, unless otherwise referenced in subsection (c);",[],gemini_text_batch,text_batch_0009,pipeline10_rule_0041,"[{'rule_id': 'pipeline10_rule_0041', 'rule_object': 'parcel_width', 'condition': 'unless otherwise referenced in subsection (c)'}]",['parcel_width'],1,single_scope,['pipeline10_rule_0041'],1,kept,[],False,pipeline5_merged_rule_0041,,,
calgary_generic_graph_pack_131__page_0442__local_005,parcel_width_min_7.5m_backyard_secondary_suite_where,parcel_width,dimensional_standard,parcel containing a Backyard Suite or Secondary Suite,>=,7.5,m,where,,(c) 7.5 metres for a parcel containing a Backyard Suite or Secondary Suite where:,[],gemini_text_batch,text_batch_0009,pipeline10_rule_0042,"[{'rule_id': 'pipeline10_rule_0042', 'rule_object': 'parcel_width', 'condition': 'where'}]",['parcel_width'],1,single_scope,['pipeline10_rule_0042'],1,kept,['incomplete_or_continuation_evidence'],True,pipeline5_merged_rule_0042,,,
calgary_generic_graph_pack_131__page_0442__local_006,parcel_width_max_11.6m_general,parcel_width,dimensional_standard,parcel,<=,11.6,m,"unless the parcel is: (a) a corner parcel; (b) a parcel on the bulb of a cul-de-sac; or (c) a parcel with a front property line shared with a street at a point where the street has a significant change in direction. (Inherited applicability: for parcels that may contain a Backyard Suite or Secondary Suite, as per section 464)",corner parcel; parcel on the bulb of a cul-de-sac; parcel with a front property line shared with a street at a point where the street has a significant change in direction,(2) The maximum parcel width is 11.6 metres unless the parcel is: (a) a corner parcel; (b) a parcel on the bulb of a cul-de-sac; or (c) a parcel with a front property line shared with a street at a point where the street has a significant change in direction.,[],gemini_text_batch,text_batch_0009,pipeline10_rule_0043,"[{'rule_id': 'pipeline10_rule_0043', 'rule_object': 'parcel_width', 'condition': 'unless the parcel is: (a) a corner parcel; (b) a parcel on the bulb of a cul-de-sac; or (c) a parcel with a front property line shared with a street at a point where the street has a significant change in direction. (Inherited applicability: for parcels that may contain a Backyard Suite or Secondary Suite, as per section 464)'}]",['parcel_width'],1,single_scope,['pipeline10_rule_0043'],1,kept,['exception_requires_atomic_review'],True,pipeline5_merged_rule_0043,,,
calgary_generic_graph_pack_136__page_0448__local_005,parcel_width_min_9.0m_backyard_secondary_suite_single_detached,parcel_width,dimensional_standard,parcel containing a Backyard Suite or Secondary Suite in a Single Detached Dwelling,>=,9.0,m,unless otherwise referenced in subsection (a.2),,"(a.1) 9.0 metres for a parcel containing a Backyard Suite or 76P2019 Secondary Suite in a Single Detached Dwelling, unless otherwise referenced in subsection (a.2);",[],gemini_text_batch,text_batch_0009,pipeline10_rule_0044,"[{'rule_id': 'pipeline10_rule_0044', 'rule_object': 'parcel_width', 'condition': 'unless otherwise referenced in subsection (a.2)'}]",['parcel_width'],1,single_scope,['pipeline10_rule_0044'],1,kept,[],False,pipeline5_merged_rule_0044,,,
calgary_generic_graph_pack_136__page_0448__local_005,parcel_width_min_7.5m_backyard_secondary_suite_single_detached_where,parcel_width,dimensional_standard,parcel containing a Backyard Suite or Secondary Suite in a Single Detached Dwelling,>=,7.5,m,where,,(a.2) 7.5 metres for a parcel containing a Backyard Suite or Secondary Suite in a Single Detached Dwelling where:,[],gemini_text_batch,text_batch_0009,pipeline10_rule_0045,"[{'rule_id': 'pipeline10_rule_0045', 'rule_object': 'parcel_width', 'condition': 'where'}]",['parcel_width'],1,single_scope,['pipeline10_rule_0045'],1,kept,['incomplete_or_continuation_evidence'],True,pipeline5_merged_rule_0045,,,
calgary_generic_graph_pack_137__page_0451__local_004,building_height_max_10.0m_single_detached_dwelling,building_height,dimensional_standard,Single Detached Dwelling,<=,10.0,m,Unless otherwise referenced in subsection (2). (Inherited applicability: for buildings that may contain or be associated with a Backyard Suite or Secondary Suite),,"(1) Unless otherwise referenced in subsection (2), the maximum building height is 10.0 metres for a Single Detached Dwelling.",[],gemini_text_batch,text_batch_0009,pipeline10_rule_0046,"[{'rule_id': 'pipeline10_rule_0046', 'rule_object': 'building_height', 'condition': 'Unless otherwise referenced in subsection (2). (Inherited applicability: for buildings that may contain or be associated with a Backyard Suite or Secondary Suite)'}]",['building_height'],1,single_scope,['pipeline10_rule_0046'],1,kept,[],False,pipeline5_merged_rule_0046,,,
calgary_generic_graph_pack_137__page_0451__local_004,building_height_max_11.0m_single_detached_dwelling_conditions,building_height,dimensional_standard,Single Detached Dwelling,<=,11.0,m,where: (a) the area of the parcel is equal to or greater than 400.0 square metres; and (b) the parcel width is equal to or greater than 10.0 metres. (Inherited applicability: for buildings that may contain or be associated with a Backyard Suite or Secondary Suite),,(2) The maximum building height is 11.0 metres for Single Detached Dwellings where: (a) the area of the parcel is equal to or greater than 400.0 square metres; and (b) the parcel width is equal to or greater than 10.0 metres.,[],gemini_text_batch,text_batch_0009,pipeline10_rule_0047,"[{'rule_id': 'pipeline10_rule_0047', 'rule_object': 'building_height', 'condition': 'where: (a) the area of the parcel is equal to or greater than 400.0 square metres; and (b) the parcel width is equal to or greater than 10.0 metres. (Inherited applicability: for buildings that may contain or be associated with a Backyard Suite or Secondary Suite)'}]",['building_height'],1,single_scope,['pipeline10_rule_0047'],1,kept,[],False,pipeline5_merged_rule_0047,,,
calgary_generic_graph_pack_138__page_0451__local_005,motor_vehicle_parking_stalls_single_detached_dwelling_parcel_width,parking_stalls,minimum_quantity,motor_vehicle_parking_stalls_per_dwelling_unit,>=,2.0,units,"for each Single Detached Dwelling where the parcel width is less than 9.0 metres and the parcel is part of a plan of subdivision approved after September 7, 1982",,"The minimum number of motor vehicle parking stalls for each Single Detached Dwelling is 2.0 stalls per Dwelling Unit where: (a) the parcel width is less than 9.0 metres and the parcel is part of a plan of subdivision approved after September 7, 1982",[],gemini_text_batch,text_batch_0010,pipeline10_rule_0049,"[{'rule_id': 'pipeline10_rule_0049', 'rule_object': 'motor_vehicle_parking_stalls', 'condition': 'for each Single Detached Dwelling where the parcel width is less than 9.0 metres and the parcel is part of a plan of subdivision approved after September 7, 1982'}]",['motor_vehicle_parking_stalls'],1,single_scope,['pipeline10_rule_0049'],1,kept,[],False,pipeline5_merged_rule_0049,motor_vehicle_parking_stalls,,
calgary_generic_graph_pack_138__page_0451__local_005,motor_vehicle_parking_stalls_single_detached_dwelling_parcel_area,parking_stalls,minimum_quantity,motor_vehicle_parking_stalls_per_dwelling_unit,>=,2.0,units,"for each Single Detached Dwelling where the area of the parcel is less than 270.0 square metres and the parcel is part of a plan of subdivision approved after September 7, 1982",,"The minimum number of motor vehicle parking stalls for each Single Detached Dwelling is 2.0 stalls per Dwelling Unit where: (b) the area of the parcel is less than 270.0 square metres and the parcel is part of a plan of subdivision approved after September 7, 1982.",[],gemini_text_batch,text_batch_0010,pipeline10_rule_0050,"[{'rule_id': 'pipeline10_rule_0050', 'rule_object': 'motor_vehicle_parking_stalls', 'condition': 'for each Single Detached Dwelling where the area of the parcel is less than 270.0 square metres and the parcel is part of a plan of subdivision approved after September 7, 1982'}]",['motor_vehicle_parking_stalls'],1,single_scope,['pipeline10_rule_0050'],1,kept,[],False,pipeline5_merged_rule_0050,motor_vehicle_parking_stalls,,
calgary_generic_graph_pack_144__page_0458__local_004,motor_vehicle_parking_stalls_single_detached_dwelling_parcel_width,parking_stalls,minimum_quantity,motor_vehicle_parking_stalls_per_dwelling_unit,>=,2.0,units,"for each Single Detached Dwelling where the parcel width is less than 9.0 metres and the parcel is part of a plan of subdivision approved after September 7, 1982",,"The minimum number of motor vehicle parking stalls for each Single Detached Dwelling is 2.0 stalls per Dwelling Units where: (a) the parcel width is less than 9.0 metres and the parcel is part of a plan of subdivision approved after September 7, 1982",[],gemini_text_batch,text_batch_0010,pipeline10_rule_0052,"[{'rule_id': 'pipeline10_rule_0052', 'rule_object': 'motor_vehicle_parking_stalls', 'condition': 'for each Single Detached Dwelling where the parcel width is less than 9.0 metres and the parcel is part of a plan of subdivision approved after September 7, 1982'}]",['motor_vehicle_parking_stalls'],1,single_scope,['pipeline10_rule_0052'],1,kept,[],False,pipeline5_merged_rule_0051,motor_vehicle_parking_stalls,,
calgary_generic_graph_pack_144__page_0458__local_004,motor_vehicle_parking_stalls_single_detached_dwelling_parcel_area,parking_stalls,minimum_quantity,motor_vehicle_parking_stalls_per_dwelling_unit,>=,2.0,units,"for each Single Detached Dwelling where the area of the parcel is less than 270.0 square metres and the parcel is part of a plan of subdivision approved after September 7, 1982",,"The minimum number of motor vehicle parking stalls for each Single Detached Dwelling is 2.0 stalls per Dwelling Units where: (b) the area of the parcel is less than 270.0 square metres and the parcel is part of a plan of subdivision approved after September 7, 1982.",[],gemini_text_batch,text_batch_0010,pipeline10_rule_0053,"[{'rule_id': 'pipeline10_rule_0053', 'rule_object': 'motor_vehicle_parking_stalls', 'condition': 'for each Single Detached Dwelling where the area of the parcel is less than 270.0 square metres and the parcel is part of a plan of subdivision approved after September 7, 1982'}]",['motor_vehicle_parking_stalls'],1,single_scope,['pipeline10_rule_0053'],1,kept,[],False,pipeline5_merged_rule_0052,motor_vehicle_parking_stalls,,
calgary_generic_graph_pack_146__page_0465__local_003,R-CG_district_accommodates_secondary_suites,permitted_use,permission,Secondary Suites,permitted,,,in the Residential – Grade-Oriented Infill (R-CG) District with new and existing residential development,,accommodates Secondary Suites and Backyard Suites with new and existing residential development;,[],gemini_text_batch,text_batch_0010,pipeline10_rule_0054,"[{'rule_id': 'pipeline10_rule_0054', 'rule_object': 'permitted_use', 'condition': 'in the Residential – Grade-Oriented Infill (R-CG) District with new and existing residential development'}]",['permitted_use'],1,single_scope,['pipeline10_rule_0054'],1,kept,[],False,pipeline5_merged_rule_0053,,permitted,
calgary_generic_graph_pack_146__page_0465__local_003,R-CG_district_accommodates_backyard_suites,permitted_use,permission,Backyard Suites,permitted,,,in the Residential – Grade-Oriented Infill (R-CG) District with new and existing residential development,,accommodates Secondary Suites and Backyard Suites with new and existing residential development;,[],gemini_text_batch,text_batch_0010,pipeline10_rule_0055,"[{'rule_id': 'pipeline10_rule_0055', 'rule_object': 'permitted_use', 'condition': 'in the Residential – Grade-Oriented Infill (R-CG) District with new and existing residential development'}]",['permitted_use'],1,single_scope,['pipeline10_rule_0055'],1,kept,[],False,pipeline5_merged_rule_0054,,permitted,
calgary_generic_graph_pack_146__page_0465__local_004,R-CGex_district_does_not_accommodate_secondary_suites,permitted_use,prohibition,Secondary Suites,prohibited,,,in the Residential – Grade-Oriented Infill (R-CGex) District,,The Residential – Grade-Oriented Infill (R-CGex) District has the same purpose as the Residential – Grade-Oriented Infill (R-CG) District except that it does not accommodate Secondary Suites or Backyard Suites.,[],gemini_text_batch,text_batch_0010,pipeline10_rule_0056,"[{'rule_id': 'pipeline10_rule_0056', 'rule_object': 'permitted_use', 'condition': 'in the Residential – Grade-Oriented Infill (R-CGex) District'}]",['permitted_use'],1,single_scope,['pipeline10_rule_0056'],1,kept,[],False,pipeline5_merged_rule_0055,,prohibited,
calgary_generic_graph_pack_146__page_0465__local_004,R-CGex_district_does_not_accommodate_backyard_suites,permitted_use,prohibition,Backyard Suites,prohibited,,,in the Residential – Grade-Oriented Infill (R-CGex) District,,The Residential – Grade-Oriented Infill (R-CGex) District has the same purpose as the Residential – Grade-Oriented Infill (R-CG) District except that it does not accommodate Secondary Suites or Backyard Suites.,[],gemini_text_batch,text_batch_0010,pipeline10_rule_0057,"[{'rule_id': 'pipeline10_rule_0057', 'rule_object': 'permitted_use', 'condition': 'in the Residential – Grade-Oriented Infill (R-CGex) District'}]",['permitted_use'],1,single_scope,['pipeline10_rule_0057'],1,kept,[],False,pipeline5_merged_rule_0056,,prohibited,
calgary_generic_graph_pack_155__page_0479__local_004,R-LMH_district_accommodates_secondary_suites,permitted_use,permission,Secondary Suites,permitted,,,in the Residential – Low Density Mixed Housing District,,accommodates Secondary Suites and Backyard Suites.,[],gemini_text_batch,text_batch_0010,pipeline10_rule_0058,"[{'rule_id': 'pipeline10_rule_0058', 'rule_object': 'permitted_use', 'condition': 'in the Residential – Low Density Mixed Housing District'}]",['permitted_use'],1,single_scope,['pipeline10_rule_0058'],1,kept,[],False,pipeline5_merged_rule_0057,,permitted,
calgary_generic_graph_pack_155__page_0479__local_004,R-LMH_district_accommodates_backyard_suites,permitted_use,permission,Backyard Suites,permitted,,,in the Residential – Low Density Mixed Housing District,,accommodates Secondary Suites and Backyard Suites.,[],gemini_text_batch,text_batch_0010,pipeline10_rule_0059,"[{'rule_id': 'pipeline10_rule_0059', 'rule_object': 'permitted_use', 'condition': 'in the Residential – Low Density Mixed Housing District'}]",['permitted_use'],1,single_scope,['pipeline10_rule_0059'],1,kept,[],False,pipeline5_merged_rule_0058,,permitted,
calgary_generic_graph_pack_162__page_0483__local_003,backyard_suite_setback_party_wall_not_required,building_setback,dimensional,building,>=,0,m,"For a Backyard Suite, Rowhouse Building or Semi-detached Dwelling, from the property line on which a party wall is located that separates two or more Dwelling Units or Backyard Suites",,"For a Backyard Suite, Rowhouse Building or Semi-detached Dwelling there is no requirement for a building setback from the property line on which a party wall is located that separates two or more Dwelling Units or Backyard Suites.",[],gemini_text_batch,text_batch_0011,pipeline10_rule_0061,"[{'rule_id': 'pipeline10_rule_0061', 'rule_object': 'building_setback', 'condition': 'For a Backyard Suite, Rowhouse Building or Semi-detached Dwelling, from the property line on which a party wall is located that separates two or more Dwelling Units or Backyard Suites'}]",['building_setback'],1,single_scope,['pipeline10_rule_0061'],1,kept,[],False,pipeline5_merged_rule_0060,,,
calgary_generic_graph_pack_164__page_0484__local_002,backyard_suite_maximum_height_laned_parcel,building_height,dimensional,Backyard Suite,<=,10.0,m,on a laned parcel,,The maximum height of a Backyard Suite on a laned parcel is 10.0 metres.,[],gemini_text_batch,text_batch_0011,pipeline10_rule_0062,"[{'rule_id': 'pipeline10_rule_0062', 'rule_object': 'height', 'condition': 'on a laned parcel'}]",['height'],1,single_scope,['pipeline10_rule_0062'],1,kept,[],False,pipeline5_merged_rule_0061,height,,
calgary_generic_graph_pack_167__page_0504__local_004,571.2(10)_skateboard_and_sports_ramp_attachment_prohibited,skateboard_and_sports_ramp,prohibition,attachment,prohibited,,,"to a deck, another structure, fence, or building such as, but not limited to, a main residential building, Backyard Suite or Accessory Residential Building",,"A skateboard and sports ramp must not be attached to a deck, another structure, fence, or building such as, but not limited to, a main residential building, Backyard Suite or Accessory Residential Building.",[],gemini_text_batch,text_batch_0012,pipeline10_rule_0071,"[{'rule_id': 'pipeline10_rule_0071', 'rule_object': 'skateboard_and_sports_ramp', 'condition': 'to a deck, another structure, fence, or building such as, but not limited to, a main residential building, Backyard Suite or Accessory Residential Building'}]",['skateboard_and_sports_ramp'],1,single_scope,['pipeline10_rule_0071'],1,kept,[],False,pipeline5_merged_rule_0070,,,
calgary_generic_graph_pack_223__page_0857__local_005,calgary_generic_graph_pack_223__page_0857__local_005_1,parking_stalls,parking,motor vehicle parking stalls,<=,1.5,units,per Dwelling Unit,,a maximum of 1.5 stalls per Dwelling Unit,[],gemini_text_batch,text_batch_0013,pipeline10_rule_0072,"[{'rule_id': 'pipeline10_rule_0072', 'rule_object': 'motor_vehicle_parking_stalls', 'condition': 'per Dwelling Unit'}]",['motor_vehicle_parking_stalls'],1,single_scope,['pipeline10_rule_0072'],1,kept,[],False,pipeline5_merged_rule_0071,motor_vehicle_parking_stalls,,stalls
calgary_generic_graph_pack_231__page_1039__local_002,calgary_generic_graph_pack_231__page_1039__local_002_1,building_separation_distance,dimensional,main residential buildings,>=,6.5,m,between main residential buildings on the front portion of the parcel and main residential buildings on the rear portion of the parcel,,where the minimum separation distance of the main residential buildings on the front portion of the parcel and the main residential buildings contained on the rear portion of the parcel is 6.5 metres.,[],gemini_text_batch,text_batch_0013,pipeline10_rule_0073,"[{'rule_id': 'pipeline10_rule_0073', 'rule_object': 'building_separation_distance', 'condition': 'between main residential buildings on the front portion of the parcel and main residential buildings on the rear portion of the parcel'}]",['building_separation_distance'],1,single_scope,['pipeline10_rule_0073'],1,kept,[],False,pipeline5_merged_rule_0072,,,
calgary_generic_graph_pack_231__page_1039__local_002,calgary_generic_graph_pack_231__page_1039__local_002_2,building_setback,dimensional,main residential building,not required,,,"for a main residential building that is located on a corner parcel where the minimum building setback from the side property line shared with another parcel is 3.0 metres for any portion of the building located between the rear property line and 50.0 per cent parcel depth or the building depth of the main residential building on the adjoining parcel, whichever is closer to the rear property line",,For a main residential building that is located on a corner parcel there is no maximum building depth where the minimum building setback from the side property line shared with another parcel is 3.0 metres for any portion of the building located between the rear property line and: (a) 50.0 per cent parcel depth; or (b) the building depth of the main residential building on the adjoining parcel; whichever is closer to the rear property line.,[],gemini_text_batch,text_batch_0013,pipeline10_rule_0074,"[{'rule_id': 'pipeline10_rule_0074', 'rule_object': 'building_depth_maximum', 'condition': 'for a main residential building that is located on a corner parcel where the minimum building setback from the side property line shared with another parcel is 3.0 metres for any portion of the building located between the rear property line and 50.0 per cent parcel depth or the building depth of the main residential building on the adjoining parcel, whichever is closer to the rear property line'}]",['building_depth_maximum'],1,single_scope,['pipeline10_rule_0074'],1,kept,[],False,pipeline5_merged_rule_0073,building_depth_maximum,,
calgary_generic_graph_pack_232__page_1041__local_005,calgary_generic_graph_pack_232__page_1041__local_005_1,building_setback,dimensional,Accessory Residential Building,>=,0.6,m,from a side property line that is not shared with a street,"Notwithstanding section 1396, unless otherwise referenced in subsection (4)","Notwithstanding section 1396, for an Accessory Residential Building,unless otherwise referenced in subsection (4), the minimum building setback from a side property line that is not shared with a street is 0.6 metres.",[],gemini_text_batch,text_batch_0013,pipeline10_rule_0075,"[{'rule_id': 'pipeline10_rule_0075', 'rule_object': 'building_setback', 'condition': 'from a side property line that is not shared with a street'}]",['building_setback'],1,single_scope,['pipeline10_rule_0075'],1,kept,['exception_requires_atomic_review'],True,pipeline5_merged_rule_0074,,,
calgary_generic_graph_pack_232__page_1041__local_005,calgary_generic_graph_pack_232__page_1041__local_005_2,floor_area,locational,Accessory Residential Building,permitted,,,in a setback area from another parcel where the Accessory Residential Building is less than 10.0 square metres gross floor area,Notwithstanding section 1398,"Notwithstanding section 1398, an Accessory Residential Building may be located in a setback area from another parcel where: (a) the Accessory Residential Building is less than 10.0 square metres gross floor area",[],gemini_text_batch,text_batch_0013,pipeline10_rule_0076,"[{'rule_id': 'pipeline10_rule_0076', 'rule_object': 'accessory_residential_building_location', 'condition': 'in a setback area from another parcel where the Accessory Residential Building is less than 10.0 square metres gross floor area'}]",['accessory_residential_building_location'],1,single_scope,['pipeline10_rule_0076'],1,kept,['exception_requires_atomic_review'],True,pipeline5_merged_rule_0075,accessory_residential_building_location,,
calgary_generic_graph_pack_023__page_0139__local_006,backyard_suite_floodway_prohibition,permitted_use,prohibition,new Backyard Suites,prohibited,,,in the floodway,replacement of existing Backyard Suites on the same building footprint is allowed,"(1) No new buildings or other new structures are allowed in the floodway, except for the replacement of existing Accessory Residential Buildings, Backyard Suites, Duplex Dwellings, Secondary Suites,Semi-detached Dwellings and Single Detached Dwellings on the same building footprint.",[],gemini_text_batch,text_batch_0014,pipeline10_rule_0077,"[{'rule_id': 'pipeline10_rule_0077', 'rule_object': 'permitted_use', 'condition': 'in the floodway'}]",['permitted_use'],1,single_scope,['pipeline10_rule_0077'],1,kept,['exception_requires_atomic_review'],True,pipeline5_merged_rule_0076,,prohibited,
calgary_generic_graph_pack_023__page_0139__local_006,secondary_suite_floodway_prohibition,permitted_use,prohibition,new Secondary Suites,prohibited,,,in the floodway,replacement of existing Secondary Suites on the same building footprint is allowed,"(1) No new buildings or other new structures are allowed in the floodway, except for the replacement of existing Accessory Residential Buildings, Backyard Suites, Duplex Dwellings, Secondary Suites,Semi-detached Dwellings and Single Detached Dwellings on the same building footprint.",[],gemini_text_batch,text_batch_0014,pipeline10_rule_0078,"[{'rule_id': 'pipeline10_rule_0078', 'rule_object': 'permitted_use', 'condition': 'in the floodway'}]",['permitted_use'],1,single_scope,['pipeline10_rule_0078'],1,kept,['exception_requires_atomic_review'],True,pipeline5_merged_rule_0077,,prohibited,
calgary_generic_graph_pack_067__page_0392__local_002,secondary_suite_exterior_entrance_location,permitted_use,permission,location on side façade,permitted,,,when the entrance provides access to a Secondary Suite,,"must not have an exterior entrance from grade located on a side façade, unless the entrance provides access to a Secondary Suite or is located on the street side of a corner parcel.",[],gemini_text_batch,text_batch_0014,pipeline10_rule_0079,"[{'rule_id': 'pipeline10_rule_0079', 'rule_object': 'exterior_entrance_from_grade', 'condition': 'when the entrance provides access to a Secondary Suite'}]",['exterior_entrance_from_grade'],1,single_scope,['pipeline10_rule_0079'],1,kept,[],False,pipeline5_merged_rule_0078,exterior_entrance_from_grade,permitted,
calgary_generic_graph_pack_100__page_0412__local_002,calgary_generic_graph_pack_100__page_0412__local_002_1,permitted_use,use_permission,Backyard Suite,permitted,,,in the RC-1 & RC1s District,,(a.2) Backyard Suite;,[],gemini_text_batch,text_batch_0015,pipeline10_rule_0080,"[{'rule_id': 'pipeline10_rule_0080', 'rule_object': 'permitted_use', 'condition': 'in the RC-1 & RC1s District'}]",['permitted_use'],1,single_scope,['pipeline10_rule_0080'],1,kept,[],False,pipeline5_merged_rule_0079,,permitted,
calgary_generic_graph_pack_100__page_0412__local_002,calgary_generic_graph_pack_100__page_0412__local_002_2,permitted_use,use_permission,Secondary Suite,permitted,,,in the RC-1 & RC1s District,,(h.1) Secondary Suite;,[],gemini_text_batch,text_batch_0015,pipeline10_rule_0081,"[{'rule_id': 'pipeline10_rule_0081', 'rule_object': 'permitted_use', 'condition': 'in the RC-1 & RC1s District'}]",['permitted_use'],1,single_scope,['pipeline10_rule_0081'],1,kept,[],False,pipeline5_merged_rule_0080,,permitted,
calgary_generic_graph_pack_124__page_0438__local_002,calgary_generic_graph_pack_124__page_0438__local_002_1,permitted_use,use_permission,Secondary Suite,permitted,,,in the R-1 & R-1s District,,(h.1) Secondary Suite;,[],gemini_text_batch,text_batch_0015,pipeline10_rule_0082,"[{'rule_id': 'pipeline10_rule_0082', 'rule_object': 'permitted_use', 'condition': 'in the R-1 & R-1s District'}]",['permitted_use'],1,single_scope,['pipeline10_rule_0082'],1,kept,[],False,pipeline5_merged_rule_0081,,permitted,
calgary_generic_graph_pack_160__page_0480__local_002,calgary_generic_graph_pack_160__page_0480__local_002_1,permitted_use,use_permission,Secondary Suite,permitted,,,in the (R-G)(R-Gm) District,,(i) Secondary Suite;,[],gemini_text_batch,text_batch_0015,pipeline10_rule_0083,"[{'rule_id': 'pipeline10_rule_0083', 'rule_object': 'permitted_use', 'condition': 'in the (R-G)(R-Gm) District'}]",['permitted_use'],1,single_scope,['pipeline10_rule_0083'],1,kept,[],False,pipeline5_merged_rule_0082,,permitted,
calgary_generic_graph_pack_169__page_0505__local_003,calgary_generic_graph_pack_169__page_0505__local_003_1,permitted_use,use_permission,Backyard Suite,permitted,,,"in the R-CG District, as part of Single Detached, Semi-Detached, Duplex Dwellings and Backyard Suites development",,"573 Single Detached, Semi-Detached, Duplex Dwellings and Backyard Suites",[],gemini_text_batch,text_batch_0015,pipeline10_rule_0084,"[{'rule_id': 'pipeline10_rule_0084', 'rule_object': 'permitted_use', 'condition': 'in the R-CG District, as part of Single Detached, Semi-Detached, Duplex Dwellings and Backyard Suites development'}]",['permitted_use'],1,single_scope,['pipeline10_rule_0084'],1,kept,[],False,pipeline5_merged_rule_0083,,permitted,
calgary_generic_graph_pack_169__page_0505__local_003,calgary_generic_graph_pack_169__page_0505__local_003_2,development_compliance,requirement,Backyard Suite,required,,,must comply with the rules of the R-CG District that apply to such development,,Any of the following uses must comply with the rules of the R-CG District that apply to such development: (b) Backyard Suite;,[],gemini_text_batch,text_batch_0015,pipeline10_rule_0085,"[{'rule_id': 'pipeline10_rule_0085', 'rule_object': 'development_compliance', 'condition': 'must comply with the rules of the R-CG District that apply to such development'}]",['development_compliance'],1,single_scope,['pipeline10_rule_0085'],1,kept,[],False,pipeline5_merged_rule_0084,,,
calgary_generic_graph_pack_182__page_0548__local_002,calgary_generic_graph_pack_182__page_0548__local_002_1,permitted_use,use_permission,Secondary Suite,permitted,,,in the M-H1 District,,(d.1) Secondary Suite;,[],gemini_text_batch,text_batch_0015,pipeline10_rule_0086,"[{'rule_id': 'pipeline10_rule_0086', 'rule_object': 'permitted_use', 'condition': 'in the M-H1 District'}]",['permitted_use'],1,single_scope,['pipeline10_rule_0086'],1,kept,[],False,pipeline5_merged_rule_0085,,permitted,
calgary_generic_graph_pack_185__page_0554__local_002,calgary_generic_graph_pack_185__page_0554__local_002_1,permitted_use,use_permission,Secondary Suite,permitted,,,in the M-H2 District,,(d.1) Secondary Suite;,[],gemini_text_batch,text_batch_0015,pipeline10_rule_0087,"[{'rule_id': 'pipeline10_rule_0087', 'rule_object': 'permitted_use', 'condition': 'in the M-H2 District'}]",['permitted_use'],1,single_scope,['pipeline10_rule_0087'],1,kept,[],False,pipeline5_merged_rule_0086,,permitted,
calgary_generic_graph_pack_188__page_0555__local_003,calgary_generic_graph_pack_188__page_0555__local_003_1,permitted_use,use_permission,Backyard Suite,permitted,,,in the M-H2 District,,(a) Backyard Suite;,[],gemini_text_batch,text_batch_0015,pipeline10_rule_0088,"[{'rule_id': 'pipeline10_rule_0088', 'rule_object': 'permitted_use', 'condition': 'in the M-H2 District'}]",['permitted_use'],1,single_scope,['pipeline10_rule_0088'],1,kept,[],False,pipeline5_merged_rule_0087,,permitted,
calgary_generic_graph_pack_191__page_0560__local_002,,permitted_use,use_permission,Secondary Suite,permitted,,,,,Secondary Suite;,[],gemini_text_batch,text_batch_0016,pipeline10_rule_0089,"[{'rule_id': 'pipeline10_rule_0089', 'rule_object': 'permitted_use', 'condition': 'in PART 6 - DIVISION 10: M-H3 district'}, {'rule_id': 'pipeline10_rule_0093', 'rule_object': 'permitted_use', 'condition': 'in PART 11 - DIVISION 1: GENERAL RULES'}, {'rule_id': 'pipeline10_rule_0095', 'rule_object': 'permitted_use', 'condition': 'in PART 11 - Division 3: CC-MHX district'}, {'rule_id': 'pipeline10_rule_0096', 'rule_object': 'permitted_use', 'condition': 'in PART 15 - DIVISION 1: HOUSING - GO district'}]",['permitted_use'],1,single_scope,"['pipeline10_rule_0089', 'pipeline10_rule_0093', 'pipeline10_rule_0095', 'pipeline10_rule_0096']",4,auto_folded_same_table_evidence,[],False,pipeline5_merged_rule_0088,,permitted,
calgary_generic_graph_pack_194__page_0561__local_003,,permitted_use,use_permission,Backyard Suite,permitted,,,,,Backyard Suite;,[],gemini_text_batch,text_batch_0016,pipeline10_rule_0090,"[{'rule_id': 'pipeline10_rule_0090', 'rule_object': 'permitted_use', 'condition': 'in PART 6 - DIVISION 10: M-H3 district'}, {'rule_id': 'pipeline10_rule_0092', 'rule_object': 'permitted_use', 'condition': 'in PART 11 - DIVISION 1: GENERAL RULES'}, {'rule_id': 'pipeline10_rule_0094', 'rule_object': 'permitted_use', 'condition': 'in PART 11 - Division 3: CC-MHX district'}]",['permitted_use'],1,single_scope,"['pipeline10_rule_0090', 'pipeline10_rule_0092', 'pipeline10_rule_0094']",3,auto_folded_same_table_evidence,[],False,pipeline5_merged_rule_0089,,permitted,
calgary_generic_graph_pack_213__page_0825__local_008,,Secondary Suite,compliance,Secondary Suite,required,,,must comply with the rules of the R-CG District that apply to such development,,Secondary Suites 1120.1 Any of the following uses must comply with the rules of the R-CG District that apply to such development:,[],gemini_text_batch,text_batch_0016,pipeline10_rule_0091,"[{'rule_id': 'pipeline10_rule_0091', 'rule_object': 'Secondary Suite', 'condition': 'must comply with the rules of the R-CG District that apply to such development'}]",['Secondary Suite'],1,single_scope,['pipeline10_rule_0091'],1,kept,['incomplete_or_continuation_evidence'],True,pipeline5_merged_rule_0090,,,
calgary_generic_graph_pack_233__page_1049__local_002,,permitted_use,use_permission,Backyard Suite,permitted,,,as a RESIDENTIAL GROUP use,,Backyard Suite,[],gemini_text_batch,text_batch_0016,pipeline10_rule_0097,"[{'rule_id': 'pipeline10_rule_0097', 'rule_object': 'permitted_use', 'condition': 'as a RESIDENTIAL GROUP use'}]",['permitted_use'],1,single_scope,['pipeline10_rule_0097'],1,kept,[],False,pipeline5_merged_rule_0091,,permitted,
calgary_generic_graph_pack_233__page_1049__local_003,,permitted_use,use_permission,Secondary Suite,permitted,,,as a RESIDENTIAL GROUP use,,Secondary Suite,[],gemini_text_batch,text_batch_0016,pipeline10_rule_0098,"[{'rule_id': 'pipeline10_rule_0098', 'rule_object': 'permitted_use', 'condition': 'as a RESIDENTIAL GROUP use'}]",['permitted_use'],1,single_scope,['pipeline10_rule_0098'],1,kept,[],False,pipeline5_merged_rule_0092,,permitted,
calgary_generic_graph_pack_014__page_0093__local_004,rule_1,permitted_use,use_permission,Secondary Suite,permitted,,,"when listed as a permitted use in the district, for which an application for a permit pursuant to the Building Permit Bylaw has been received",,"a Secondary Suite, when listed as a permitted use in the district, for which an application for a permit pursuant to the Building Permit Bylaw has been received;",[],gemini_text_batch,text_batch_0017,pipeline10_rule_0099,"[{'rule_id': 'pipeline10_rule_0099', 'rule_object': 'permitted_use', 'condition': 'when listed as a permitted use in the district, for which an application for a permit pursuant to the Building Permit Bylaw has been received'}]",['permitted_use'],1,single_scope,['pipeline10_rule_0099'],1,kept,[],False,pipeline5_merged_rule_0093,,permitted,
calgary_generic_graph_pack_086__page_0405__local_003,rule_2,permitted_use,use_permission,Secondary Suite,permitted,,,"on parcels designated R-C1Ls, on the same parcel as a Single Detached Dwelling",,Secondary Suite as a permitted use on the same parcel as a Single Detached Dwelling.,[],gemini_text_batch,text_batch_0017,pipeline10_rule_0100,"[{'rule_id': 'pipeline10_rule_0100', 'rule_object': 'permitted_use', 'condition': 'on parcels designated R-C1Ls, on the same parcel as a Single Detached Dwelling'}]",['permitted_use'],1,single_scope,['pipeline10_rule_0100'],1,kept,[],False,pipeline5_merged_rule_0094,,permitted,
calgary_generic_graph_pack_088__page_0405__local_006,rule_3,permitted_use,use_permission,Backyard Suite,permitted,,,as a discretionary use in the Residential – Contextual Large Parcel One Dwelling District,,Backyard Suite;,[],gemini_text_batch,text_batch_0017,pipeline10_rule_0101,"[{'rule_id': 'pipeline10_rule_0101', 'rule_object': 'permitted_use', 'condition': 'as a discretionary use in the Residential – Contextual Large Parcel One Dwelling District'}]",['permitted_use'],1,single_scope,['pipeline10_rule_0101'],1,kept,[],False,pipeline5_merged_rule_0095,,discretionary,
calgary_generic_graph_pack_088__page_0405__local_006,rule_4,permitted_use,use_permission,Secondary Suite,permitted,,,as a discretionary use in the Residential – Contextual Large Parcel One Dwelling District,,Secondary Suite;,[],gemini_text_batch,text_batch_0017,pipeline10_rule_0102,"[{'rule_id': 'pipeline10_rule_0102', 'rule_object': 'permitted_use', 'condition': 'as a discretionary use in the Residential – Contextual Large Parcel One Dwelling District'}]",['permitted_use'],1,single_scope,['pipeline10_rule_0102'],1,kept,[],False,pipeline5_merged_rule_0096,,discretionary,
calgary_generic_graph_pack_095__page_0411__local_003,rule_5,permitted_use,use_permission,Secondary Suite,permitted,,,"on parcels designated R-C1s, on the same parcel as a Single Detached Dwelling",,Secondary Suite as a permitted use on the same parcel as a Single Detached Dwelling.,[],gemini_text_batch,text_batch_0017,pipeline10_rule_0103,"[{'rule_id': 'pipeline10_rule_0103', 'rule_object': 'permitted_use', 'condition': 'on parcels designated R-C1s, on the same parcel as a Single Detached Dwelling'}]",['permitted_use'],1,single_scope,['pipeline10_rule_0103'],1,kept,[],False,pipeline5_merged_rule_0097,,permitted,
calgary_generic_graph_pack_102__page_0413__local_003,rule_6,permitted_use,use_permission,Secondary Suite,permitted,,,"for parcels designated R-C1s, as an additional use referenced in section 385",,Secondary Suite.,[],gemini_text_batch,text_batch_0017,pipeline10_rule_0104,"[{'rule_id': 'pipeline10_rule_0104', 'rule_object': 'permitted_use', 'condition': 'for parcels designated R-C1s, as an additional use referenced in section 385'}]",['permitted_use'],1,single_scope,['pipeline10_rule_0104'],1,kept,[],False,pipeline5_merged_rule_0098,,permitted,
calgary_generic_graph_pack_102__page_0413__local_003,rule_7,permitted_use,use_permission,Backyard Suite,permitted,,,"for parcels designated R-C1s, as an additional use referenced in section 385",,Backyard Suite.,[],gemini_text_batch,text_batch_0017,pipeline10_rule_0105,"[{'rule_id': 'pipeline10_rule_0105', 'rule_object': 'permitted_use', 'condition': 'for parcels designated R-C1s, as an additional use referenced in section 385'}]",['permitted_use'],1,single_scope,['pipeline10_rule_0105'],1,kept,[],False,pipeline5_merged_rule_0099,,permitted,
calgary_generic_graph_pack_107__page_0419__local_006,calgary_generic_graph_pack_107__page_0419__local_006_1,permitted_use,discretionary,Backyard Suite,permitted,,,in the Residential – Contextual Narrow Parcel One Dwelling District,,(a.2) Backyard Suite;,[],gemini_text_batch,text_batch_0018,pipeline10_rule_0106,"[{'rule_id': 'pipeline10_rule_0106', 'rule_object': 'permitted_use', 'condition': 'in the Residential – Contextual Narrow Parcel One Dwelling District'}]",['permitted_use'],1,single_scope,['pipeline10_rule_0106'],1,kept,[],False,pipeline5_merged_rule_0100,,permitted,
calgary_generic_graph_pack_111__page_0427__local_004,calgary_generic_graph_pack_111__page_0427__local_004_1,permitted_use,permitted,Secondary Suite,permitted,,,in the Residential – Contextual One / Two Dwelling District,,(f.1) Secondary Suite;,[],gemini_text_batch,text_batch_0018,pipeline10_rule_0107,"[{'rule_id': 'pipeline10_rule_0107', 'rule_object': 'permitted_use', 'condition': 'in the Residential – Contextual One / Two Dwelling District'}]",['permitted_use'],1,single_scope,['pipeline10_rule_0107'],1,kept,[],False,pipeline5_merged_rule_0101,,permitted,
calgary_generic_graph_pack_112__page_0427__local_006,calgary_generic_graph_pack_112__page_0427__local_006_1,permitted_use,discretionary,Backyard Suite,permitted,,,in the Residential – Contextual One / Two Dwelling District,,(a.2) Backyard Suite;,[],gemini_text_batch,text_batch_0018,pipeline10_rule_0108,"[{'rule_id': 'pipeline10_rule_0108', 'rule_object': 'permitted_use', 'condition': 'in the Residential – Contextual One / Two Dwelling District'}]",['permitted_use'],1,single_scope,['pipeline10_rule_0108'],1,kept,[],False,pipeline5_merged_rule_0102,,permitted,
calgary_generic_graph_pack_121__page_0437__local_005,calgary_generic_graph_pack_121__page_0437__local_005_1,permitted_use,discretionary,Backyard Suite,permitted,,,in the Residential – One Dwelling District,,(a.2) Backyard Suite;,[],gemini_text_batch,text_batch_0018,pipeline10_rule_0109,"[{'rule_id': 'pipeline10_rule_0109', 'rule_object': 'permitted_use', 'condition': 'in the Residential – One Dwelling District'}]",['permitted_use'],1,single_scope,['pipeline10_rule_0109'],1,kept,[],False,pipeline5_merged_rule_0103,,permitted,
calgary_generic_graph_pack_126__page_0438__local_003,calgary_generic_graph_pack_126__page_0438__local_003_1,permitted_use,permitted,Secondary Suite,permitted,,,in PART 5 - DIVISION 6: R-1 & R-1s District,,(a) Secondary Suite.,[],gemini_text_batch,text_batch_0018,pipeline10_rule_0110,"[{'rule_id': 'pipeline10_rule_0110', 'rule_object': 'permitted_use', 'condition': 'in PART 5 - DIVISION 6: R-1 & R-1s District'}]",['permitted_use'],1,single_scope,['pipeline10_rule_0110'],1,kept,[],False,pipeline5_merged_rule_0104,,permitted,
calgary_generic_graph_pack_126__page_0438__local_003,calgary_generic_graph_pack_126__page_0438__local_003_2,permitted_use,permitted,Backyard Suite,permitted,,,in PART 5 - DIVISION 6: R-1 & R-1s District,,(a) Backyard Suite.,[],gemini_text_batch,text_batch_0018,pipeline10_rule_0111,"[{'rule_id': 'pipeline10_rule_0111', 'rule_object': 'permitted_use', 'condition': 'in PART 5 - DIVISION 6: R-1 & R-1s District'}]",['permitted_use'],1,single_scope,['pipeline10_rule_0111'],1,kept,[],False,pipeline5_merged_rule_0105,,permitted,
calgary_generic_graph_pack_128__page_0441__local_005,calgary_generic_graph_pack_128__page_0441__local_005_1,permitted_use,discretionary,Backyard Suite,permitted,,,in the Residential – Narrow Parcel One Dwelling District,,(a.2) Backyard Suite;,[],gemini_text_batch,text_batch_0018,pipeline10_rule_0112,"[{'rule_id': 'pipeline10_rule_0112', 'rule_object': 'permitted_use', 'condition': 'in the Residential – Narrow Parcel One Dwelling District'}]",['permitted_use'],1,single_scope,['pipeline10_rule_0112'],1,kept,[],False,pipeline5_merged_rule_0106,,permitted,
calgary_generic_graph_pack_128__page_0441__local_006,calgary_generic_graph_pack_128__page_0441__local_006_1,permitted_use,discretionary,Secondary Suite,permitted,,,in the Residential – Narrow Parcel One Dwelling District,,(h.1) Secondary Suite;,[],gemini_text_batch,text_batch_0018,pipeline10_rule_0113,"[{'rule_id': 'pipeline10_rule_0113', 'rule_object': 'permitted_use', 'condition': 'in the Residential – Narrow Parcel One Dwelling District'}]",['permitted_use'],1,single_scope,['pipeline10_rule_0113'],1,kept,[],False,pipeline5_merged_rule_0107,,permitted,
calgary_generic_graph_pack_132__page_0447__local_004,calgary_generic_graph_pack_132__page_0447__local_004_1,permitted_use,permitted,Secondary Suite,permitted,,,in the Residential – One /Two Dwelling District,,(e.1) Secondary Suite;,[],gemini_text_batch,text_batch_0018,pipeline10_rule_0114,"[{'rule_id': 'pipeline10_rule_0114', 'rule_object': 'permitted_use', 'condition': 'in the Residential – One /Two Dwelling District'}]",['permitted_use'],1,single_scope,['pipeline10_rule_0114'],1,kept,[],False,pipeline5_merged_rule_0108,,permitted,
calgary_generic_graph_pack_133__page_0447__local_006,backyard_suite_discretionary_R-OTD,permitted_use,use_permission,Backyard Suite,permitted,,,"in the Residential – One / Two Dwelling District, as a discretionary use",,(a.2) Backyard Suite;,[],gemini_text_batch,text_batch_0019,pipeline10_rule_0115,"[{'rule_id': 'pipeline10_rule_0115', 'rule_object': 'permitted_use', 'condition': 'in the Residential – One / Two Dwelling District, as a discretionary use'}]",['permitted_use'],1,single_scope,['pipeline10_rule_0115'],1,kept,[],False,pipeline5_merged_rule_0109,,discretionary,
calgary_generic_graph_pack_141__page_0453__local_005,secondary_suite_permitted_R-LDMD,permitted_use,use_permission,Secondary Suite,permitted,,,in the Residential – Low Density Multiple Dwelling District,,(b) Secondary Suite;,[],gemini_text_batch,text_batch_0019,pipeline10_rule_0116,"[{'rule_id': 'pipeline10_rule_0116', 'rule_object': 'permitted_use', 'condition': 'in the Residential – Low Density Multiple Dwelling District'}]",['permitted_use'],1,single_scope,['pipeline10_rule_0116'],1,kept,[],False,pipeline5_merged_rule_0110,,permitted,
calgary_generic_graph_pack_142__page_0453__local_006,backyard_suite_discretionary_R-LDMD,permitted_use,use_permission,Backyard Suite,permitted,,,"in the Residential – Low Density Multiple Dwelling District, as a discretionary use",,(a.2) Backyard Suite;,[],gemini_text_batch,text_batch_0019,pipeline10_rule_0117,"[{'rule_id': 'pipeline10_rule_0117', 'rule_object': 'permitted_use', 'condition': 'in the Residential – Low Density Multiple Dwelling District, as a discretionary use'}]",['permitted_use'],1,single_scope,['pipeline10_rule_0117'],1,kept,[],False,pipeline5_merged_rule_0111,,discretionary,
calgary_generic_graph_pack_147__page_0465__local_005,secondary_suite_permitted_R-GOID,permitted_use,use_permission,Secondary Suite,permitted,,,in the Residential – Grade-Oriented Infill District,,(g) Secondary Suite;,[],gemini_text_batch,text_batch_0019,pipeline10_rule_0118,"[{'rule_id': 'pipeline10_rule_0118', 'rule_object': 'permitted_use', 'condition': 'in the Residential – Grade-Oriented Infill District'}]",['permitted_use'],1,single_scope,['pipeline10_rule_0118'],1,kept,[],False,pipeline5_merged_rule_0112,,permitted,
calgary_generic_graph_pack_150__page_0466__local_002,backyard_suite_discretionary_R-GOID,permitted_use,use_permission,Backyard Suite,permitted,,,"in the Residential – Grade-Oriented Infill District, as a discretionary use",,(c) Backyard Suite;,[],gemini_text_batch,text_batch_0019,pipeline10_rule_0119,"[{'rule_id': 'pipeline10_rule_0119', 'rule_object': 'permitted_use', 'condition': 'in the Residential – Grade-Oriented Infill District, as a discretionary use'}]",['permitted_use'],1,single_scope,['pipeline10_rule_0119'],1,kept,[],False,pipeline5_merged_rule_0113,,discretionary,
calgary_generic_graph_pack_156__page_0479__local_006,calgary_generic_graph_pack_156__page_0479__local_006_1,permitted_use,use_permission,Backyard Suite,permitted,,,in the Residential –Low Density Mixed Housing District,,(b)    Backyard Suite;,[],gemini_text_batch,text_batch_0020,pipeline10_rule_0120,"[{'rule_id': 'pipeline10_rule_0120', 'rule_object': 'permitted_use', 'condition': 'in the Residential –Low Density Mixed Housing District'}]",['permitted_use'],1,single_scope,['pipeline10_rule_0120'],1,kept,[],False,pipeline5_merged_rule_0114,,permitted,
calgary_generic_graph_pack_172__page_0507__local_005,calgary_generic_graph_pack_172__page_0507__local_005_1,permitted_use,use_permission,Secondary Suite,permitted,,,in the Multi-Residential – Contextual Grade-Oriented District,,(e.1)  Secondary Suite;                                                             33P2011,[],gemini_text_batch,text_batch_0020,pipeline10_rule_0121,"[{'rule_id': 'pipeline10_rule_0121', 'rule_object': 'permitted_use', 'condition': 'in the Multi-Residential – Contextual Grade-Oriented District'}]",['permitted_use'],1,single_scope,['pipeline10_rule_0121'],1,kept,[],False,pipeline5_merged_rule_0115,,permitted,
calgary_generic_graph_pack_173__page_0508__local_003,calgary_generic_graph_pack_173__page_0508__local_003_1,permitted_use,use_discretionary,Backyard Suite,permitted,,,as a discretionary use in the Multi-Residential – Contextual Grade-Oriented District,,(b.1)  Backyard Suite;,[],gemini_text_batch,text_batch_0020,pipeline10_rule_0122,"[{'rule_id': 'pipeline10_rule_0122', 'rule_object': 'permitted_use', 'condition': 'as a discretionary use in the Multi-Residential – Contextual Grade-Oriented District'}]",['permitted_use'],1,single_scope,['pipeline10_rule_0122'],1,kept,[],False,pipeline5_merged_rule_0116,,discretionary,
calgary_generic_graph_pack_174__page_0515__local_005,calgary_generic_graph_pack_174__page_0515__local_005_1,permitted_use,use_permission,Secondary Suite,permitted,,,in the Multi-Residential – Contextual Low Profile District,,(d.1)  Secondary Suite;                                                             33P2011,[],gemini_text_batch,text_batch_0020,pipeline10_rule_0123,"[{'rule_id': 'pipeline10_rule_0123', 'rule_object': 'permitted_use', 'condition': 'in the Multi-Residential – Contextual Low Profile District'}]",['permitted_use'],1,single_scope,['pipeline10_rule_0123'],1,kept,[],False,pipeline5_merged_rule_0117,,permitted,
calgary_generic_graph_pack_176__page_0516__local_003,calgary_generic_graph_pack_176__page_0516__local_003_1,permitted_use,use_discretionary,Backyard Suite,permitted,,,as a discretionary use in the Multi-Residential – Contextual Low Profile District,,(b.1)  Backyard Suite;,[],gemini_text_batch,text_batch_0020,pipeline10_rule_0124,"[{'rule_id': 'pipeline10_rule_0124', 'rule_object': 'permitted_use', 'condition': 'as a discretionary use in the Multi-Residential – Contextual Low Profile District'}]",['permitted_use'],1,single_scope,['pipeline10_rule_0124'],1,kept,[],False,pipeline5_merged_rule_0118,,discretionary,
calgary_generic_graph_pack_179__page_0524__local_003,calgary_generic_graph_pack_179__page_0524__local_003_1,permitted_use,use_discretionary,Backyard Suite,permitted,,,as a discretionary use in the Multi-Residential – Contextual Medium Profile District,,(b.1)  Backyard Suite;,[],gemini_text_batch,text_batch_0020,pipeline10_rule_0125,"[{'rule_id': 'pipeline10_rule_0125', 'rule_object': 'permitted_use', 'condition': 'as a discretionary use in the Multi-Residential – Contextual Medium Profile District'}]",['permitted_use'],1,single_scope,['pipeline10_rule_0125'],1,kept,[],False,pipeline5_merged_rule_0119,,discretionary,
calgary_generic_graph_pack_183__page_0549__local_002,calgary_generic_graph_pack_183__page_0549__local_002_1,permitted_use,use_permission,Backyard Suite,permitted,,,in the M-H1 District,,(a)    Backyard Suite;                                                             24P2014,[],gemini_text_batch,text_batch_0020,pipeline10_rule_0126,"[{'rule_id': 'pipeline10_rule_0126', 'rule_object': 'permitted_use', 'condition': 'in the M-H1 District'}]",['permitted_use'],1,single_scope,['pipeline10_rule_0126'],1,kept,[],False,pipeline5_merged_rule_0120,,permitted,
calgary_generic_graph_pack_196__page_0565__local_005,calgary_generic_graph_pack_196__page_0565__local_005_1,permitted_use,use_permission,Secondary Suite,permitted,,,in the Multi-Residential – Low Profile Support Commercial District,,(d.1)  Secondary Suite;                                                             33P2011,[],gemini_text_batch,text_batch_0020,pipeline10_rule_0127,"[{'rule_id': 'pipeline10_rule_0127', 'rule_object': 'permitted_use', 'condition': 'in the Multi-Residential – Low Profile Support Commercial District'}]",['permitted_use'],1,single_scope,['pipeline10_rule_0127'],1,kept,[],False,pipeline5_merged_rule_0121,,permitted,
calgary_generic_graph_pack_199__page_0572__local_002,calgary_generic_graph_pack_199__page_0572__local_002_1,permitted_use,use_permission,Secondary Suite,permitted,,,in the Multi-Residential – Medium Profile Support Commercial District,,(d.1) Secondary Suite;,[],gemini_text_batch,text_batch_0021,pipeline10_rule_0128,"[{'rule_id': 'pipeline10_rule_0128', 'rule_object': 'permitted_use', 'condition': 'in the Multi-Residential – Medium Profile Support Commercial District'}]",['permitted_use'],1,single_scope,['pipeline10_rule_0128'],1,kept,[],False,pipeline5_merged_rule_0122,,permitted,
calgary_generic_graph_pack_202__page_0573__local_003,calgary_generic_graph_pack_202__page_0573__local_003_1,permitted_use,use_permission,Backyard Suite,permitted,,,in the M-X2 district,,(a) Backyard Suite;,[],gemini_text_batch,text_batch_0021,pipeline10_rule_0129,"[{'rule_id': 'pipeline10_rule_0129', 'rule_object': 'permitted_use', 'condition': 'in the M-X2 district'}]",['permitted_use'],1,single_scope,['pipeline10_rule_0129'],1,kept,[],False,pipeline5_merged_rule_0123,,permitted,
calgary_generic_graph_pack_215__page_0829__local_002,calgary_generic_graph_pack_215__page_0829__local_002_1,permitted_use,use_permission,Backyard Suite,permitted,,,in the CC-MH district,,(a) Backyard Suite;,[],gemini_text_batch,text_batch_0021,pipeline10_rule_0130,"[{'rule_id': 'pipeline10_rule_0130', 'rule_object': 'permitted_use', 'condition': 'in the CC-MH district'}]",['permitted_use'],1,single_scope,['pipeline10_rule_0130'],1,kept,[],False,pipeline5_merged_rule_0124,,permitted,
calgary_generic_graph_pack_215__page_0829__local_002,calgary_generic_graph_pack_215__page_0829__local_002_2,permitted_use,use_permission,Secondary Suite,permitted,,,in the CC-MH district,,(b) Secondary Suite;,[],gemini_text_batch,text_batch_0021,pipeline10_rule_0131,"[{'rule_id': 'pipeline10_rule_0131', 'rule_object': 'permitted_use', 'condition': 'in the CC-MH district'}]",['permitted_use'],1,single_scope,['pipeline10_rule_0131'],1,kept,[],False,pipeline5_merged_rule_0125,,permitted,
calgary_generic_graph_pack_004__page_0062__local_003,density_calculation_secondary_suite_exclusion,density_calculation,exclusion,Secondary Suites,prohibited,,,when calculating density,,does not include Secondary Suites,[],gemini_text_batch,text_batch_0022,pipeline10_rule_0132,"[{'rule_id': 'pipeline10_rule_0132', 'rule_object': 'density_calculation', 'condition': 'when calculating density'}]",['density_calculation'],1,single_scope,['pipeline10_rule_0132'],1,kept,[],False,pipeline5_merged_rule_0126,,,
calgary_generic_graph_pack_004__page_0062__local_003,density_calculation_backyard_suite_exclusion,density_calculation,exclusion,Backyard Suites,prohibited,,,when calculating density,,does not include Backyard Suites,[],gemini_text_batch,text_batch_0022,pipeline10_rule_0133,"[{'rule_id': 'pipeline10_rule_0133', 'rule_object': 'density_calculation', 'condition': 'when calculating density'}]",['density_calculation'],1,single_scope,['pipeline10_rule_0133'],1,kept,[],False,pipeline5_merged_rule_0127,,,
calgary_generic_graph_pack_008__page_0071__local_003,main_residential_building_definition_backyard_suite_exclusion,main_residential_building_definition,exclusion,Backyard Suite,prohibited,,,when defining 'main residential building',,does not include a Backyard Suite,[],gemini_text_batch,text_batch_0022,pipeline10_rule_0134,"[{'rule_id': 'pipeline10_rule_0134', 'rule_object': 'main_residential_building_definition', 'condition': ""when defining 'main residential building'""}]",['main_residential_building_definition'],1,single_scope,['pipeline10_rule_0134'],1,kept,[],False,pipeline5_merged_rule_0128,,,
calgary_generic_graph_pack_018__page_0108__local_002,development_permit_backyard_suite_required,development_permit,requirement,Backyard Suite,required,,,,,Backyard Suite;,[],gemini_text_batch,text_batch_0022,pipeline10_rule_0135,"[{'rule_id': 'pipeline10_rule_0135', 'rule_object': 'development_permit', 'condition': ''}]",['development_permit'],1,single_scope,['pipeline10_rule_0135'],1,kept,[],False,pipeline5_merged_rule_0129,,,
calgary_generic_graph_pack_019__page_0109__local_002,development_permit_secondary_suite_required_districts,development_permit,requirement,Secondary Suite,required,,,"in the R-C1L, R-C1 and R-1 Districts",,"Secondary Suite in the R-C1L, R-C1 and R-1 Districts;",[],gemini_text_batch,text_batch_0022,pipeline10_rule_0136,"[{'rule_id': 'pipeline10_rule_0136', 'rule_object': 'development_permit', 'condition': 'in the R-C1L, R-C1 and R-1 Districts'}]",['development_permit'],1,single_scope,['pipeline10_rule_0136'],1,kept,[],False,pipeline5_merged_rule_0130,,,
calgary_generic_graph_pack_035__page_0217__local_003,use_equivalence_secondary_suite_detached_garage_to_backyard_suite,use_equivalence,definitional,Secondary Suite – Detached Garage,required,Backyard Suite use,,In any development permit or Direct Control District approved after the effective date of this Bylaw,,(a) Secondary Suite – Detached Garage,[],gemini_text_batch,text_batch_0024,pipeline10_rule_0137,"[{'rule_id': 'pipeline10_rule_0137', 'rule_object': 'use_equivalence', 'condition': 'In any development permit or Direct Control District approved after the effective date of this Bylaw'}]",['use_equivalence'],1,single_scope,['pipeline10_rule_0137'],1,kept,[],False,pipeline5_merged_rule_0131,,,
calgary_generic_graph_pack_035__page_0217__local_003,use_equivalence_secondary_suite_detached_garden_to_backyard_suite,use_equivalence,definitional,Secondary Suite – Detached Garden,required,Backyard Suite use,,In any development permit or Direct Control District approved after the effective date of this Bylaw,,(b) Secondary Suite – Detached Garden,[],gemini_text_batch,text_batch_0024,pipeline10_rule_0138,"[{'rule_id': 'pipeline10_rule_0138', 'rule_object': 'use_equivalence', 'condition': 'In any development permit or Direct Control District approved after the effective date of this Bylaw'}]",['use_equivalence'],1,single_scope,['pipeline10_rule_0138'],1,kept,[],False,pipeline5_merged_rule_0132,,,
calgary_generic_graph_pack_198__page_0567__local_002,backyard_suite_permitted_use_calgary_generic_graph_pack_198__page_0567__local_002,permitted_use,permission,Backyard Suite,permitted,,,,,(a)    Backyard Suite;                                                              24P2014,[],gemini_text_batch,text_batch_0026,pipeline10_rule_0139,"[{'rule_id': 'pipeline10_rule_0139', 'rule_object': 'permitted_use', 'condition': ''}]",['permitted_use'],1,single_scope,['pipeline10_rule_0139'],1,kept,[],False,pipeline5_merged_rule_0133,,permitted,
calgary_generic_graph_pack_028__page_0195__local_004,motor_vehicle_parking_stall_depth_min_5.9m_for_backyard_suite_secondary_suite,parking_stall_depth,dimension,depth,>=,5.9,m,"where it is required for a Backyard Suite, Contextual Semi-detached Dwelling, Contextual Single Detached Dwelling, Duplex Dwelling, Secondary Suite, Semi-detached Dwelling or Single Detached Dwelling",,"(3) The minimum depth of a motor vehicle parking stall is 5.9 metres 47P2008, 28P2009 where it is required for: (a) a Backyard Suite, Contextual Semi-detached Dwelling, 12P2010, 27P2011 Contextual Single Detached Dwelling, Duplex Dwelling, 24P2014 Secondary Suite, Semi-detached Dwelling or Single Detached Dwelling; and",[],gemini_text_batch,text_batch_0002,pipeline10_rule_0140,"[{'rule_id': 'pipeline10_rule_0140', 'rule_object': 'motor_vehicle_parking_stall', 'condition': 'where it is required for a Backyard Suite, Contextual Semi-detached Dwelling, Contextual Single Detached Dwelling, Duplex Dwelling, Secondary Suite, Semi-detached Dwelling or Single Detached Dwelling'}]",['motor_vehicle_parking_stall'],1,single_scope,['pipeline10_rule_0140'],1,kept,[],False,pipeline5_merged_rule_0134,motor_vehicle_parking_stall,,
calgary_generic_graph_pack_028__page_0195__local_005,motor_vehicle_parking_stall_width_min_3.0m_for_dwelling_unit_both_sides_barrier,parking_stall_width,dimension,width,>=,3.0,m,required for a Dwelling Unit where both sides of a stall abut a physical barrier,,(4) The minimum width of a motor vehicle parking stall required for a 28P2009 Dwelling Unit is: (a) 3.0 metres where both sides of a stall abut a physical barrier;,[],gemini_text_batch,text_batch_0002,pipeline10_rule_0141,"[{'rule_id': 'pipeline10_rule_0141', 'rule_object': 'motor_vehicle_parking_stall', 'condition': 'required for a Dwelling Unit where both sides of a stall abut a physical barrier'}]",['motor_vehicle_parking_stall'],1,single_scope,['pipeline10_rule_0141'],1,kept,[],False,pipeline5_merged_rule_0135,motor_vehicle_parking_stall,,
calgary_generic_graph_pack_028__page_0195__local_005,motor_vehicle_parking_stall_width_min_2.85m_for_dwelling_unit_one_side_barrier,parking_stall_width,dimension,width,>=,2.85,m,required for a Dwelling Unit where one side of a stall abuts a physical barrier,,(4) The minimum width of a motor vehicle parking stall required for a 28P2009 Dwelling Unit is: (b) 2.85 metres where one side of a stall abuts a physical barrier;,[],gemini_text_batch,text_batch_0002,pipeline10_rule_0142,"[{'rule_id': 'pipeline10_rule_0142', 'rule_object': 'motor_vehicle_parking_stall', 'condition': 'required for a Dwelling Unit where one side of a stall abuts a physical barrier'}]",['motor_vehicle_parking_stall'],1,single_scope,['pipeline10_rule_0142'],1,kept,[],False,pipeline5_merged_rule_0136,motor_vehicle_parking_stall,,
calgary_generic_graph_pack_028__page_0195__local_005,motor_vehicle_parking_stall_width_min_2.5m_for_dwelling_unit_all_other_cases,parking_stall_width,dimension,width,>=,2.5,m,required for a Dwelling Unit in all other cases,,(4) The minimum width of a motor vehicle parking stall required for a 28P2009 Dwelling Unit is: (c) 2.5 metres in all other cases.,[],gemini_text_batch,text_batch_0002,pipeline10_rule_0143,"[{'rule_id': 'pipeline10_rule_0143', 'rule_object': 'motor_vehicle_parking_stall', 'condition': 'required for a Dwelling Unit in all other cases'}]",['motor_vehicle_parking_stall'],1,single_scope,['pipeline10_rule_0143'],1,kept,[],False,pipeline5_merged_rule_0137,motor_vehicle_parking_stall,,
calgary_generic_graph_pack_071__page_0395__local_003,secondary_suite_setback_main_building,building_setback,dimensional,Secondary Suite,>=,,,from a property line; must be equal to or greater than the minimum building setback from a property line for the main residential building,,"For a Secondary Suite the minimum building setback from a property line, must be equal to or greater than the minimum building setback from a property line for the main residential building.",[],gemini_text_batch,text_batch_0006,pipeline10_rule_0144,"[{'rule_id': 'pipeline10_rule_0144', 'rule_object': 'building_setback', 'condition': 'from a property line; must be equal to or greater than the minimum building setback from a property line for the main residential building'}]",['building_setback'],1,single_scope,['pipeline10_rule_0144'],1,kept,[],False,pipeline5_merged_rule_0138,,,
calgary_generic_graph_pack_071__page_0395__local_003,secondary_suite_max_floor_area,floor_area,dimensional,Secondary Suite,<=,100.0,m2,excluding any area covered by stairways and landings,,"the maximum floor area of a Secondary Suite, excluding any area covered by stairways and landings, is 100.0 square metres",[],gemini_text_batch,text_batch_0006,pipeline10_rule_0145,"[{'rule_id': 'pipeline10_rule_0145', 'rule_object': 'floor_area', 'condition': 'excluding any area covered by stairways and landings'}]",['floor_area'],1,single_scope,['pipeline10_rule_0145'],1,kept,[],False,pipeline5_merged_rule_0139,,,
calgary_generic_graph_pack_071__page_0395__local_003,secondary_suite_basement_floor_area_no_max,floor_area,dimensional,Secondary Suite,not required,,,wholly located in a basement,,There is no maximum floor area for a Secondary Suite wholly located in a basement.,[],gemini_text_batch,text_batch_0006,pipeline10_rule_0146,"[{'rule_id': 'pipeline10_rule_0146', 'rule_object': 'floor_area', 'condition': 'wholly located in a basement'}]",['floor_area'],1,single_scope,['pipeline10_rule_0146'],1,kept,[],False,pipeline5_merged_rule_0140,,,
calgary_generic_graph_pack_071__page_0395__local_004,secondary_suite_floor_area_relaxation_max,floor_area,dimensional,Secondary Suite,<=,10.0,%,may be relaxed by the Development Authority,,The maximum floor area of a Secondary Suite may be relaxed by the Development Authority to a maximum of 10.0 per cent.,[],gemini_text_batch,text_batch_0006,pipeline10_rule_0147,"[{'rule_id': 'pipeline10_rule_0147', 'rule_object': 'floor_area_relaxation', 'condition': 'may be relaxed by the Development Authority'}]",['floor_area_relaxation'],1,single_scope,['pipeline10_rule_0147'],1,kept,['rule_object_unit_conflict'],True,pipeline5_merged_rule_0141,floor_area_relaxation,,
calgary_generic_graph_pack_071__page_0395__local_004,secondary_suite_private_amenity_space_required,private_amenity_space,design_standard,Secondary Suite,required,,,must be located outdoors,in the R-CG District,"Except in the R-CG District, a Secondary Suite must have a private amenity space that: (a) is located outdoors",[],gemini_text_batch,text_batch_0006,pipeline10_rule_0148,"[{'rule_id': 'pipeline10_rule_0148', 'rule_object': 'private_amenity_space', 'condition': 'must be located outdoors'}]",['private_amenity_space'],1,single_scope,['pipeline10_rule_0148'],1,kept,['exception_requires_atomic_review'],True,pipeline5_merged_rule_0142,,,
calgary_generic_graph_pack_071__page_0395__local_004,secondary_suite_private_amenity_space_min_area,private_amenity_space,dimensional,Secondary Suite,>=,7.5,m2,with no dimension less than 1.5 metres,,has a minimum area of 7.5 square metres with no dimension less than 1.5 metres.,[],gemini_text_batch,text_batch_0006,pipeline10_rule_0149,"[{'rule_id': 'pipeline10_rule_0149', 'rule_object': 'private_amenity_space_area', 'condition': 'with no dimension less than 1.5 metres'}]",['private_amenity_space_area'],1,single_scope,['pipeline10_rule_0149'],1,kept,[],False,pipeline5_merged_rule_0143,private_amenity_space_area,,
calgary_generic_graph_pack_071__page_0395__local_004,secondary_suite_private_amenity_space_min_dimension,private_amenity_space,dimensional,Secondary Suite,>=,1.5,m,no dimension less than 1.5 metres,,has a minimum area of 7.5 square metres with no dimension less than 1.5 metres.,[],gemini_text_batch,text_batch_0006,pipeline10_rule_0150,"[{'rule_id': 'pipeline10_rule_0150', 'rule_object': 'private_amenity_space_dimension', 'condition': 'no dimension less than 1.5 metres'}]",['private_amenity_space_dimension'],1,single_scope,['pipeline10_rule_0150'],1,kept,[],False,pipeline5_merged_rule_0144,private_amenity_space_dimension,,
calgary_generic_graph_pack_072__page_0395__local_006,backyard_suite_min_rear_setback,building_setback,dimensional,Backyard Suite,>=,1.5,m,from a rear property line; for any portion of the building used as a Backyard Suite,,"For a Backyard Suite, the minimum building setback from a rear property line is: (a) 1.5 metres for any portion of the building used as a Backyard Suite",[],gemini_text_batch,text_batch_0006,pipeline10_rule_0151,"[{'rule_id': 'pipeline10_rule_0151', 'rule_object': 'building_setback', 'condition': 'from a rear property line; for any portion of the building used as a Backyard Suite'}]",['building_setback'],1,single_scope,['pipeline10_rule_0151'],1,kept,[],False,pipeline5_merged_rule_0145,,,
calgary_generic_graph_pack_072__page_0395__local_006,backyard_suite_min_side_setback,building_setback,dimensional,Backyard Suite,>=,1.2,m,Unless otherwise specified in the district; from a side property line; for any portion of the building used as a Backyard Suite,,"Unless otherwise specified in the district, for a Backyard Suite, the minimum building setback from a side property line is 1.2 metres for any portion of the building used as a Backyard Suite.",[],gemini_text_batch,text_batch_0006,pipeline10_rule_0152,"[{'rule_id': 'pipeline10_rule_0152', 'rule_object': 'building_setback', 'condition': 'Unless otherwise specified in the district; from a side property line; for any portion of the building used as a Backyard Suite'}]",['building_setback'],1,single_scope,['pipeline10_rule_0152'],1,kept,[],False,pipeline5_merged_rule_0146,,,
calgary_generic_graph_pack_074__page_0396__local_004,backyard_suite_max_building_height,building_height,dimensional,Backyard Suite,<=,7.5,m,Unless otherwise referenced in subsection (4.1),,"Unless otherwise referenced in subsection (4.1), the maximum building height for a Backyard Suite is 7.5 metres.",[],gemini_text_batch,text_batch_0006,pipeline10_rule_0153,"[{'rule_id': 'pipeline10_rule_0153', 'rule_object': 'building_height', 'condition': 'Unless otherwise referenced in subsection (4.1)'}]",['building_height'],1,single_scope,['pipeline10_rule_0153'],1,kept,[],False,pipeline5_merged_rule_0147,,,
calgary_generic_graph_pack_074__page_0396__local_005,backyard_suite_max_building_height_angled,building_height,dimensional,Backyard Suite,<=,7.5,m,increases at a 45 degree angle to a maximum of 7.5 metres at a proportional distance from the shared property line,,(c) increases at a 45 degree angle to a maximum of 7.5 metres at a proportional distance from the shared property line.,[],gemini_text_batch,text_batch_0006,pipeline10_rule_0154,"[{'rule_id': 'pipeline10_rule_0154', 'rule_object': 'building_height', 'condition': 'increases at a 45 degree angle to a maximum of 7.5 metres at a proportional distance from the shared property line'}]",['building_height'],1,single_scope,['pipeline10_rule_0154'],1,kept,[],False,pipeline5_merged_rule_0148,,,
calgary_generic_graph_pack_074__page_0396__local_005,backyard_suite_max_floor_area,floor_area,dimensional,Backyard Suite,<=,75.0,m2,excluding any area covered by stairways and internal landings not exceeding 2.5 square metres,,"The maximum floor area of a Backyard Suite, excluding any area covered by stairways and internal landings not exceeding 2.5 square metres, is 75.0 square metres.",[],gemini_text_batch,text_batch_0006,pipeline10_rule_0155,"[{'rule_id': 'pipeline10_rule_0155', 'rule_object': 'floor_area', 'condition': 'excluding any area covered by stairways and internal landings not exceeding 2.5 square metres'}]",['floor_area'],1,single_scope,['pipeline10_rule_0155'],1,kept,[],False,pipeline5_merged_rule_0149,,,
calgary_generic_graph_pack_077__page_0397__local_005,backyard_suite_max_per_parcel,number_of_suites,density,Backyard Suite,<=,1,units,located on a parcel,in the R-CG and R-2M Districts where one Backyard Suite may be located on any bare land unit,"There must not be more than one Backyard Suite located on a parcel, except in the R-CG and R-2M Districts where one Backyard Suite may be located on any bare land unit.",[],gemini_text_batch,text_batch_0006,pipeline10_rule_0156,"[{'rule_id': 'pipeline10_rule_0156', 'rule_object': 'number_of_suites', 'condition': 'located on a parcel'}]",['number_of_suites'],1,single_scope,['pipeline10_rule_0156'],1,kept,['exception_requires_atomic_review'],True,pipeline5_merged_rule_0150,,,
calgary_generic_graph_pack_077__page_0397__local_005,secondary_suite_max_per_dwelling_unit,number_of_suites,density,Secondary Suite,<=,1,units,contained within a Dwelling Unit,,There must not be more than one Secondary Suite contained within a Dwelling Unit.,[],gemini_text_batch,text_batch_0006,pipeline10_rule_0157,"[{'rule_id': 'pipeline10_rule_0157', 'rule_object': 'number_of_suites', 'condition': 'contained within a Dwelling Unit'}]",['number_of_suites'],1,single_scope,['pipeline10_rule_0157'],1,kept,[],False,pipeline5_merged_rule_0151,,,
calgary_generic_graph_pack_077__page_0397__local_005,suite_separation_prohibited,separation_from_main_residential_use,prohibition,Secondary Suite or a Backyard Suite,prohibited,,,from the main residential use on a parcel by the registration of a condominium or subdivision plan,,A Secondary Suite or a Backyard Suite must not be separated from the main residential use on a parcel by the registration of a condominium or subdivision plan.,[],gemini_text_batch,text_batch_0006,pipeline10_rule_0158,"[{'rule_id': 'pipeline10_rule_0158', 'rule_object': 'separation_from_main_residential_use', 'condition': 'from the main residential use on a parcel by the registration of a condominium or subdivision plan'}]",['separation_from_main_residential_use'],1,single_scope,['pipeline10_rule_0158'],1,kept,[],False,pipeline5_merged_rule_0152,,,
calgary_generic_graph_pack_075__page_0396__local_002,backyard_suite_separation_min,separation,quantitative,Backyard Suite to main residential building,>=,5.0,m,between the closest façade of the main residential building to the closest façade of a Backyard Suite,,a minimum separation of 5.0 metres is required between the closest façade of the main residential building to the closest façade of a Backyard Suite.,[],gemini_text_batch,text_batch_0025,pipeline10_rule_0159,"[{'rule_id': 'pipeline10_rule_0159', 'rule_object': 'separation', 'condition': 'between the closest façade of the main residential building to the closest façade of a Backyard Suite'}]",['separation'],1,single_scope,['pipeline10_rule_0159'],1,kept,[],False,pipeline5_merged_rule_0153,,,
calgary_generic_graph_pack_075__page_0396__local_002,backyard_suite_separation_reduced_max,separation,quantitative,Backyard Suite to main residential building,<=,1.5,m,may be reduced to 1.5 metres,where amenity space is provided at grade that: (a) is adjacent to the main residential building and the Backyard Suite,may be reduced to 1.5 metres where amenity space is provided at grade that: (a) is adjacent to the main residential building and the Backyard Suite,[],gemini_text_batch,text_batch_0025,pipeline10_rule_0160,"[{'rule_id': 'pipeline10_rule_0160', 'rule_object': 'separation', 'condition': 'may be reduced to 1.5 metres'}]",['separation'],1,single_scope,['pipeline10_rule_0160'],1,kept,['exception_requires_atomic_review'],True,pipeline5_merged_rule_0154,,,
calgary_generic_graph_pack_080__page_0397__local_002,backyard_suite_floor_area_relaxed_max,floor_area,quantitative,Backyard Suite,<=,10.0,%,may be relaxed by the Development Authority to a maximum of 10.0 per cent,,The maximum floor area of a Backyard Suite may be relaxed by the Development Authority to a maximum of 10.0 per cent.,[],gemini_text_batch,text_batch_0025,pipeline10_rule_0161,"[{'rule_id': 'pipeline10_rule_0161', 'rule_object': 'floor_area', 'condition': 'may be relaxed by the Development Authority to a maximum of 10.0 per cent'}]",['floor_area'],1,single_scope,['pipeline10_rule_0161'],1,kept,['rule_object_unit_conflict'],True,pipeline5_merged_rule_0155,,,
calgary_generic_graph_pack_080__page_0397__local_002,backyard_suite_amenity_space_required,private_amenity_space,qualitative,Backyard Suite,required,,,must have a private amenity space that: (a) is located outdoors,Except in the R-CG District,"Except in the R-CG District, a Backyard Suite must have a private amenity space that: (a) is located outdoors",[],gemini_text_batch,text_batch_0025,pipeline10_rule_0162,"[{'rule_id': 'pipeline10_rule_0162', 'rule_object': 'amenity_space', 'condition': 'must have a private amenity space that: (a) is located outdoors'}]",['amenity_space'],1,single_scope,['pipeline10_rule_0162'],1,kept,['exception_requires_atomic_review'],True,pipeline5_merged_rule_0156,amenity_space,,
calgary_generic_graph_pack_080__page_0397__local_002,backyard_suite_amenity_space_area_min,amenity_space_area,quantitative,Backyard Suite,>=,7.5,m2,has a minimum area of 7.5 square metres,Except in the R-CG District,has a minimum area of 7.5 square metres,[],gemini_text_batch,text_batch_0025,pipeline10_rule_0163,"[{'rule_id': 'pipeline10_rule_0163', 'rule_object': 'amenity_space_area', 'condition': 'has a minimum area of 7.5 square metres'}]",['amenity_space_area'],1,single_scope,['pipeline10_rule_0163'],1,kept,['exception_requires_atomic_review'],True,pipeline5_merged_rule_0157,,,
calgary_generic_graph_pack_080__page_0397__local_002,backyard_suite_amenity_space_dimension_min,amenity_space_dimension,quantitative,Backyard Suite,>=,1.5,m,with no dimension less than 1.5 metres,Except in the R-CG District,no dimension less than 1.5 metres.,[],gemini_text_batch,text_batch_0025,pipeline10_rule_0164,"[{'rule_id': 'pipeline10_rule_0164', 'rule_object': 'amenity_space_dimension', 'condition': 'with no dimension less than 1.5 metres'}]",['amenity_space_dimension'],1,single_scope,['pipeline10_rule_0164'],1,kept,['exception_requires_atomic_review'],True,pipeline5_merged_rule_0158,,,
calgary_generic_graph_pack_080__page_0397__local_002,backyard_suite_balcony_permitted,balcony_projection,qualitative,Backyard Suite,permitted,,,where the balcony: (a) projects from a façade that faces a property line shared with a lane or a street; or (b) includes a privacy wall that screens the balcony from a,,A Backyard Suite may include a balcony where the balcony: (a) projects from a façade that faces a property line shared with a lane or a street; or (b) includes a privacy wall that screens the balcony from a,[],gemini_text_batch,text_batch_0025,pipeline10_rule_0165,"[{'rule_id': 'pipeline10_rule_0165', 'rule_object': 'balcony', 'condition': 'where the balcony: (a) projects from a façade that faces a property line shared with a lane or a street; or (b) includes a privacy wall that screens the balcony from a'}]",['balcony'],1,single_scope,['pipeline10_rule_0165'],1,kept,['incomplete_or_continuation_evidence'],True,pipeline5_merged_rule_0159,balcony,,
calgary_generic_graph_pack_110__page_0420__local_002,secondary_suite_permitted_use_rc1n,permitted_use,qualitative,Secondary Suite,permitted,,,in the R-C1N District,,Secondary Suite;,[],gemini_text_batch,text_batch_0025,pipeline10_rule_0166,"[{'rule_id': 'pipeline10_rule_0166', 'rule_object': 'permitted_use', 'condition': 'in the R-C1N District'}]",['permitted_use'],1,single_scope,['pipeline10_rule_0166'],1,kept,[],False,pipeline5_merged_rule_0160,,permitted,
calgary_generic_graph_pack_139__page_0451__local_006,secondary_suite_parking_semi_detached,parking_stalls,quantitative,Secondary Suite contained in a Semi-detached Dwelling,>=,0.0,units,"is reduced to 0.0 stalls, where 2.0 motor vehicle parking stalls are provided for each Dwelling Unit",,"Secondary Suite contained in a Semi-detached Dwelling is reduced to 0.0 stalls, where 2.0 motor vehicle parking stalls are provided for each Dwelling Unit.",[],gemini_text_batch,text_batch_0025,pipeline10_rule_0167,"[{'rule_id': 'pipeline10_rule_0167', 'rule_object': 'motor_vehicle_parking_stalls', 'condition': 'is reduced to 0.0 stalls, where 2.0 motor vehicle parking stalls are provided for each Dwelling Unit'}, {'rule_id': 'pipeline10_rule_0168', 'rule_object': 'motor_vehicle_parking_stalls', 'condition': 'is reduced to 0.0 stalls, where 2.0 motor vehicle parking stalls are provided for each Dwelling Unit'}]",['motor_vehicle_parking_stalls'],1,single_scope,"['pipeline10_rule_0167', 'pipeline10_rule_0168']",2,auto_folded_same_table_evidence,[],False,pipeline5_merged_rule_0161,motor_vehicle_parking_stalls,,stalls
calgary_generic_graph_pack_180__page_0524__local_002,secondary_suite_permitted_use_mc2,permitted_use,qualitative,Secondary Suite,permitted,,,in the M-C2 District,,Secondary Suite;,[],gemini_text_batch,text_batch_0025,pipeline10_rule_0169,"[{'rule_id': 'pipeline10_rule_0169', 'rule_object': 'permitted_use', 'condition': 'in the M-C2 District'}]",['permitted_use'],1,single_scope,['pipeline10_rule_0169'],1,kept,[],False,pipeline5_merged_rule_0162,,permitted,
